Date,High,Low,Close,Adj Close,Volume,Open
12/12/1980,0.515625,0.513393,0.513393,0.405683,117258400,0.513393
12/15/1980,0.488839,0.486607,0.486607,0.384517,43971200,0.488839
12/16/1980,0.453125,0.450893,0.450893,0.356296,26432000,0.453125
12/17/1980,0.464286,0.462054,0.462054,0.365115,21610400,0.462054
12/18/1980,0.477679,0.475446,0.475446,0.375698,18362400,0.475446
12/19/1980,0.506696,0.504464,0.504464,0.398628,12157600,0.504464
12/22/1980,0.53125,0.529018,0.529018,0.41803,9340800,0.529018
12/23/1980,0.553571,0.551339,0.551339,0.435669,11737600,0.551339
12/24/1980,0.582589,0.580357,0.580357,0.458599,12000800,0.580357
12/26/1980,0.636161,0.633929,0.633929,0.500931,13893600,0.633929
12/29/1980,0.645089,0.642857,0.642857,0.507986,23290400,0.642857
12/30/1980,0.629464,0.627232,0.627232,0.495639,17220000,0.629464
12/31/1980,0.611607,0.609375,0.609375,0.481528,8937600,0.611607
1/2/1981,0.620536,0.616071,0.616071,0.48682,5415200,0.616071
1/5/1981,0.604911,0.602679,0.602679,0.476237,8932000,0.604911
1/6/1981,0.578125,0.575893,0.575893,0.455071,11289600,0.578125
1/7/1981,0.553571,0.551339,0.551339,0.435669,13921600,0.553571
1/8/1981,0.542411,0.540179,0.540179,0.426849,9956800,0.542411
1/9/1981,0.571429,0.569196,0.569196,0.449779,5376000,0.569196
1/12/1981,0.569196,0.564732,0.564732,0.446252,5924800,0.569196
1/13/1981,0.546875,0.544643,0.544643,0.430377,5762400,0.546875
1/14/1981,0.549107,0.546875,0.546875,0.432141,3572800,0.546875
1/15/1981,0.5625,0.558036,0.558036,0.44096,3516800,0.558036
1/16/1981,0.555804,0.553571,0.553571,0.437432,3348800,0.555804
1/19/1981,0.589286,0.587054,0.587054,0.46389,10393600,0.587054
1/20/1981,0.571429,0.569196,0.569196,0.449779,7520800,0.571429
1/21/1981,0.584821,0.580357,0.580357,0.458599,3976000,0.580357
1/22/1981,0.591518,0.587054,0.587054,0.46389,8887200,0.587054
1/23/1981,0.589286,0.584821,0.584821,0.462126,2805600,0.587054
1/26/1981,0.578125,0.575893,0.575893,0.455071,6160000,0.578125
1/27/1981,0.575893,0.571429,0.571429,0.451543,5924800,0.575893
1/28/1981,0.555804,0.553571,0.553571,0.437432,7039200,0.555804
1/29/1981,0.535714,0.533482,0.533482,0.421558,10976000,0.535714
1/30/1981,0.508929,0.504464,0.504464,0.398628,11547200,0.508929
2/2/1981,0.477679,0.475446,0.475446,0.375698,5941600,0.477679
2/3/1981,0.495536,0.493304,0.493304,0.389809,4788000,0.493304
2/4/1981,0.513393,0.511161,0.511161,0.40392,6966400,0.511161
2/5/1981,0.515625,0.511161,0.511161,0.40392,1982400,0.511161
2/6/1981,0.515625,0.513393,0.513393,0.405683,3466400,0.513393
2/9/1981,0.491071,0.486607,0.486607,0.384517,4188800,0.491071
2/10/1981,0.488839,0.486607,0.486607,0.384517,4586400,0.486607
2/11/1981,0.473214,0.470982,0.470982,0.37217,3460800,0.473214
2/12/1981,0.46875,0.466518,0.466518,0.368643,3640000,0.46875
2/13/1981,0.459821,0.455357,0.455357,0.359824,2788800,0.459821
2/17/1981,0.46875,0.466518,0.466518,0.368643,3068800,0.466518
2/18/1981,0.491071,0.486607,0.486607,0.384517,4810400,0.486607
2/19/1981,0.459821,0.457589,0.457589,0.361587,5577600,0.459821
2/20/1981,0.435268,0.433036,0.433036,0.342185,6092800,0.435268
2/23/1981,0.441964,0.439732,0.439732,0.347477,3528000,0.439732
2/24/1981,0.428571,0.424107,0.424107,0.33513,4244800,0.428571
2/25/1981,0.453125,0.450893,0.450893,0.356296,4872000,0.450893
2/26/1981,0.459821,0.457589,0.457589,0.361587,2710400,0.457589
2/27/1981,0.477679,0.473214,0.473214,0.373934,3690400,0.473214
3/2/1981,0.477679,0.475446,0.475446,0.375698,2940000,0.475446
3/3/1981,0.470982,0.46875,0.46875,0.370406,4043200,0.470982
3/4/1981,0.466518,0.464286,0.464286,0.366879,3427200,0.466518
3/5/1981,0.464286,0.462054,0.462054,0.365115,1344000,0.464286
3/6/1981,0.462054,0.457589,0.457589,0.361587,2900800,0.462054
3/9/1981,0.424107,0.421875,0.421875,0.333366,3830400,0.424107
3/10/1981,0.404018,0.401786,0.401786,0.317491,7095200,0.404018
3/11/1981,0.390625,0.386161,0.386161,0.305144,7464800,0.390625
3/12/1981,0.404018,0.401786,0.401786,0.317491,14812000,0.401786
3/13/1981,0.399554,0.397321,0.397321,0.313964,57825600,0.399554
3/16/1981,0.417411,0.412946,0.412946,0.326311,9307200,0.412946
3/17/1981,0.4375,0.433036,0.433036,0.342185,10936800,0.433036
3/18/1981,0.464286,0.459821,0.459821,0.363351,9234400,0.459821
3/19/1981,0.457589,0.455357,0.455357,0.359824,9452800,0.457589
3/20/1981,0.464286,0.459821,0.459821,0.363351,3651200,0.459821
3/23/1981,0.482143,0.477679,0.477679,0.377462,5504800,0.477679
3/24/1981,0.477679,0.475446,0.475446,0.375698,7039200,0.477679
3/25/1981,0.470982,0.466518,0.466518,0.368643,1764000,0.470982
3/26/1981,0.459821,0.457589,0.457589,0.361587,3068800,0.459821
3/27/1981,0.444196,0.441964,0.441964,0.34924,3063200,0.444196
3/30/1981,0.446429,0.441964,0.441964,0.34924,2475200,0.441964
3/31/1981,0.441964,0.4375,0.4375,0.345713,3998400,0.441964
4/1/1981,0.435268,0.433036,0.433036,0.342185,8517600,0.435268
4/2/1981,0.473214,0.470982,0.470982,0.37217,7851200,0.470982
4/3/1981,0.475446,0.473214,0.473214,0.373934,4121600,0.473214
4/6/1981,0.466518,0.464286,0.464286,0.366879,5700800,0.466518
4/7/1981,0.462054,0.459821,0.459821,0.363351,2671200,0.462054
4/8/1981,0.486607,0.482143,0.482143,0.38099,5488000,0.482143
4/9/1981,0.493304,0.491071,0.491071,0.388045,3124800,0.491071
4/10/1981,0.5,0.497768,0.497768,0.393336,8366400,0.497768
4/13/1981,0.5,0.497768,0.497768,0.393336,4015200,0.497768
4/14/1981,0.5,0.497768,0.497768,0.393336,1663200,0.497768
4/15/1981,0.475446,0.473214,0.473214,0.373934,8512000,0.475446
4/16/1981,0.448661,0.446429,0.446429,0.352768,5969600,0.448661
4/20/1981,0.462054,0.459821,0.459821,0.363351,8836800,0.459821
4/21/1981,0.493304,0.491071,0.491071,0.388045,7134400,0.491071
4/22/1981,0.511161,0.508929,0.508929,0.402156,4748800,0.508929
4/23/1981,0.524554,0.522321,0.522321,0.412739,14504000,0.522321
4/24/1981,0.522321,0.517857,0.517857,0.409211,8764000,0.522321
4/27/1981,0.515625,0.513393,0.513393,0.405683,9632000,0.515625
4/28/1981,0.506696,0.504464,0.504464,0.398628,8047200,0.506696
4/29/1981,0.5,0.497768,0.497768,0.393336,3410400,0.5
4/30/1981,0.511161,0.506696,0.506696,0.400392,3152800,0.506696
5/1/1981,0.511161,0.506696,0.506696,0.400392,4138400,0.506696
5/4/1981,0.506696,0.504464,0.504464,0.398628,3612000,0.506696
5/5/1981,0.504464,0.502232,0.502232,0.396864,4384800,0.504464
5/6/1981,0.491071,0.488839,0.488839,0.386281,4737600,0.491071
5/7/1981,0.497768,0.495536,0.495536,0.391573,2340800,0.495536
5/8/1981,0.502232,0.5,0.5,0.3951,1976800,0.5
5/11/1981,0.491071,0.488839,0.488839,0.386281,2984800,0.491071
5/12/1981,0.495536,0.488839,0.488839,0.386281,1064000,0.488839
5/13/1981,0.493304,0.486607,0.486607,0.384517,1226400,0.488839
5/14/1981,0.484375,0.479911,0.479911,0.379226,1232000,0.484375
5/15/1981,0.497768,0.491071,0.491071,0.388045,1226400,0.491071
5/18/1981,0.504464,0.5,0.5,0.3951,1041600,0.5
5/19/1981,0.493304,0.491071,0.491071,0.388045,6356000,0.493304
5/20/1981,0.511161,0.506696,0.506696,0.400392,3320800,0.506696
5/21/1981,0.537946,0.535714,0.535714,0.423322,8052800,0.535714
5/22/1981,0.564732,0.560268,0.560268,0.442724,7856800,0.560268
5/26/1981,0.560268,0.558036,0.558036,0.44096,21336000,0.560268
5/27/1981,0.591518,0.589286,0.589286,0.465654,37374400,0.589286
5/28/1981,0.591518,0.589286,0.589286,0.465654,18496800,0.589286
5/29/1981,0.59375,0.591518,0.591518,0.467418,14845600,0.591518
6/1/1981,0.59375,0.591518,0.591518,0.467418,12812800,0.591518
6/2/1981,0.564732,0.5625,0.5625,0.444488,10108000,0.564732
6/3/1981,0.566964,0.5625,0.5625,0.444488,9861600,0.5625
6/4/1981,0.575893,0.573661,0.573661,0.453307,14016800,0.573661
6/5/1981,0.566964,0.564732,0.564732,0.446252,14420000,0.566964
6/8/1981,0.546875,0.544643,0.544643,0.430377,23374400,0.546875
6/9/1981,0.558036,0.555804,0.555804,0.439196,29898400,0.555804
6/10/1981,0.569196,0.5625,0.5625,0.444488,6305600,0.5625
6/11/1981,0.589286,0.587054,0.587054,0.46389,9744000,0.587054
6/12/1981,0.582589,0.580357,0.580357,0.458599,6451200,0.582589
6/15/1981,0.580357,0.578125,0.578125,0.456835,35940800,0.580357
6/16/1981,0.569196,0.566964,0.566964,0.448015,9312800,0.569196
6/17/1981,0.560268,0.558036,0.558036,0.44096,6893600,0.560268
6/18/1981,0.560268,0.555804,0.555804,0.439196,5762400,0.558036
6/19/1981,0.542411,0.540179,0.540179,0.426849,6876800,0.542411
6/22/1981,0.522321,0.520089,0.520089,0.410975,2710400,0.522321
6/23/1981,0.533482,0.529018,0.529018,0.41803,3757600,0.529018
6/24/1981,0.520089,0.515625,0.515625,0.407447,5756800,0.520089
6/25/1981,0.529018,0.526786,0.526786,0.416266,6064800,0.526786
6/26/1981,0.524554,0.520089,0.520089,0.410975,5947200,0.524554
6/29/1981,0.506696,0.502232,0.502232,0.396864,2648800,0.506696
6/30/1981,0.466518,0.464286,0.464286,0.366879,8976800,0.466518
7/1/1981,0.462054,0.459821,0.459821,0.363351,42616000,0.462054
7/2/1981,0.462054,0.459821,0.459821,0.363351,7571200,0.459821
7/6/1981,0.448661,0.444196,0.444196,0.351004,4132800,0.448661
7/7/1981,0.453125,0.448661,0.448661,0.354532,3959200,0.448661
7/8/1981,0.46875,0.466518,0.466518,0.368643,4155200,0.466518
7/9/1981,0.433036,0.430804,0.430804,0.340421,8220800,0.433036
7/10/1981,0.399554,0.397321,0.397321,0.313964,13792800,0.399554
7/13/1981,0.408482,0.40625,0.40625,0.321019,11435200,0.40625
7/14/1981,0.428571,0.424107,0.424107,0.33513,4944800,0.424107
7/15/1981,0.4375,0.435268,0.435268,0.343949,2738400,0.435268
7/16/1981,0.450893,0.446429,0.446429,0.352768,3808000,0.446429
7/17/1981,0.464286,0.462054,0.462054,0.365115,4956000,0.462054
7/20/1981,0.433036,0.430804,0.430804,0.340421,5913600,0.433036
7/21/1981,0.430804,0.428571,0.428571,0.338657,7985600,0.430804
7/22/1981,0.408482,0.404018,0.404018,0.319255,5667200,0.408482
7/23/1981,0.417411,0.415179,0.415179,0.328074,8612800,0.415179
7/24/1981,0.430804,0.428571,0.428571,0.338657,7212800,0.428571
7/27/1981,0.448661,0.446429,0.446429,0.352768,4334400,0.446429
7/28/1981,0.433036,0.430804,0.430804,0.340421,5712000,0.433036
7/29/1981,0.426339,0.424107,0.424107,0.33513,3875200,0.426339
7/30/1981,0.444196,0.439732,0.439732,0.347477,2475200,0.439732
7/31/1981,0.448661,0.446429,0.446429,0.352768,2738400,0.446429
8/3/1981,0.446429,0.441964,0.441964,0.34924,3108000,0.446429
8/4/1981,0.450893,0.448661,0.448661,0.354532,7918400,0.448661
8/5/1981,0.464286,0.462054,0.462054,0.365115,4373600,0.462054
8/6/1981,0.453125,0.450893,0.450893,0.356296,2632000,0.453125
8/7/1981,0.453125,0.450893,0.450893,0.356296,2301600,0.450893
8/11/1981,0.441964,0.4375,0.4375,0.345713,17864000,0.441964
8/12/1981,0.430804,0.428571,0.428571,0.338657,6568800,0.430804
8/13/1981,0.417411,0.415179,0.415179,0.328074,6871200,0.417411
8/14/1981,0.412946,0.408482,0.408482,0.322783,6048000,0.412946
8/17/1981,0.399554,0.395089,0.395089,0.3122,4726400,0.399554
8/18/1981,0.390625,0.386161,0.386161,0.305144,4250400,0.390625
8/19/1981,0.386161,0.381696,0.381696,0.301617,5168800,0.386161
8/20/1981,0.388393,0.386161,0.386161,0.305144,4278400,0.386161
8/21/1981,0.363839,0.359375,0.359375,0.283978,10477600,0.363839
8/24/1981,0.339286,0.337054,0.337054,0.26634,5768000,0.339286
8/25/1981,0.348214,0.345982,0.345982,0.273395,10175200,0.345982
8/26/1981,0.341518,0.339286,0.339286,0.268104,8400000,0.341518
8/27/1981,0.34375,0.341518,0.341518,0.269868,6479200,0.341518
8/28/1981,0.361607,0.359375,0.359375,0.283978,9508800,0.359375
8/31/1981,0.361607,0.359375,0.359375,0.283978,10236800,0.359375
9/1/1981,0.383929,0.381696,0.381696,0.301617,9256800,0.381696
9/2/1981,0.390625,0.388393,0.388393,0.306908,4844000,0.388393
9/3/1981,0.372768,0.368304,0.368304,0.291034,9368800,0.372768
9/4/1981,0.366071,0.363839,0.363839,0.287506,3813600,0.366071
9/8/1981,0.354911,0.352679,0.352679,0.278687,6361600,0.354911
9/9/1981,0.354911,0.352679,0.352679,0.278687,7632800,0.352679
9/10/1981,0.357143,0.354911,0.354911,0.280451,8702400,0.354911
9/11/1981,0.352679,0.350446,0.350446,0.276923,4384800,0.352679
9/14/1981,0.341518,0.339286,0.339286,0.268104,6921600,0.341518
9/15/1981,0.332589,0.330357,0.330357,0.261048,4877600,0.332589
9/16/1981,0.325893,0.323661,0.323661,0.255757,4838400,0.325893
9/17/1981,0.316964,0.314732,0.314732,0.248702,4844000,0.316964
9/18/1981,0.319196,0.316964,0.316964,0.250465,6580000,0.316964
9/21/1981,0.321429,0.319196,0.319196,0.252229,12258400,0.319196
9/22/1981,0.303571,0.301339,0.301339,0.238119,11855200,0.303571
9/23/1981,0.299107,0.294643,0.294643,0.232827,7050400,0.299107
9/24/1981,0.294643,0.292411,0.292411,0.231063,4575200,0.294643
9/25/1981,0.258929,0.254464,0.254464,0.201078,8652000,0.258929
9/28/1981,0.258929,0.256696,0.256696,0.202842,22932000,0.256696
9/29/1981,0.272321,0.270089,0.270089,0.213425,23671200,0.270089
9/30/1981,0.274554,0.272321,0.272321,0.215189,12499200,0.272321
10/1/1981,0.274554,0.272321,0.272321,0.215189,15282400,0.272321
10/2/1981,0.296875,0.294643,0.294643,0.232827,11261600,0.294643
10/5/1981,0.308036,0.303571,0.303571,0.239882,10774400,0.303571
10/6/1981,0.303571,0.301339,0.301339,0.238119,7089600,0.303571
10/7/1981,0.323661,0.319196,0.319196,0.252229,9710400,0.319196
10/8/1981,0.332589,0.330357,0.330357,0.261048,7772800,0.330357
10/9/1981,0.337054,0.332589,0.332589,0.262812,13630400,0.332589
10/12/1981,0.345982,0.34375,0.34375,0.271632,6837600,0.34375
10/13/1981,0.348214,0.34375,0.34375,0.271632,11048800,0.34375
10/14/1981,0.325893,0.323661,0.323661,0.255757,7744800,0.325893
10/15/1981,0.332589,0.330357,0.330357,0.261048,7358400,0.330357
10/16/1981,0.328125,0.325893,0.325893,0.257521,9116800,0.328125
10/19/1981,0.334821,0.332589,0.332589,0.262812,5146400,0.332589
10/20/1981,0.352679,0.350446,0.350446,0.276923,8932000,0.350446
10/21/1981,0.352679,0.350446,0.350446,0.276923,19224800,0.350446
10/22/1981,0.350446,0.348214,0.348214,0.275159,8069600,0.350446
10/23/1981,0.341518,0.339286,0.339286,0.268104,6977600,0.341518
10/26/1981,0.341518,0.339286,0.339286,0.268104,6820800,0.339286
10/27/1981,0.350446,0.345982,0.345982,0.273395,21397600,0.345982
10/28/1981,0.359375,0.357143,0.357143,0.282215,11043200,0.357143
10/29/1981,0.354911,0.352679,0.352679,0.278687,7621600,0.354911
10/30/1981,0.359375,0.357143,0.357143,0.282215,13182400,0.357143
11/2/1981,0.359375,0.357143,0.357143,0.282215,9228800,0.357143
11/3/1981,0.354911,0.352679,0.352679,0.278687,7095200,0.354911
11/4/1981,0.345982,0.34375,0.34375,0.271632,5952800,0.345982
11/5/1981,0.321429,0.319196,0.319196,0.252229,5840800,0.321429
11/6/1981,0.323661,0.321429,0.321429,0.253993,6148800,0.321429
11/9/1981,0.328125,0.325893,0.325893,0.257521,5096000,0.325893
11/10/1981,0.330357,0.328125,0.328125,0.259285,4188800,0.328125
11/11/1981,0.339286,0.337054,0.337054,0.26634,6860000,0.337054
11/12/1981,0.350446,0.348214,0.348214,0.275159,9979200,0.348214
11/13/1981,0.325893,0.323661,0.323661,0.255757,5252800,0.325893
11/16/1981,0.321429,0.319196,0.319196,0.252229,5639200,0.321429
11/17/1981,0.328125,0.325893,0.325893,0.257521,8853600,0.325893
11/18/1981,0.339286,0.337054,0.337054,0.26634,7285600,0.337054
11/19/1981,0.339286,0.337054,0.337054,0.26634,10001600,0.337054
11/20/1981,0.341518,0.339286,0.339286,0.268104,9525600,0.339286
11/23/1981,0.328125,0.323661,0.323661,0.255757,5740000,0.328125
11/24/1981,0.323661,0.321429,0.321429,0.253993,5538400,0.323661
11/25/1981,0.330357,0.328125,0.328125,0.259285,13137600,0.328125
11/27/1981,0.339286,0.337054,0.337054,0.26634,9312800,0.337054
11/30/1981,0.334821,0.332589,0.332589,0.262812,5992000,0.334821
12/1/1981,0.334821,0.332589,0.332589,0.262812,5846400,0.332589
12/2/1981,0.337054,0.334821,0.334821,0.264576,9391200,0.334821
12/3/1981,0.332589,0.330357,0.330357,0.261048,5107200,0.332589
12/4/1981,0.341518,0.339286,0.339286,0.268104,34288800,0.339286
12/7/1981,0.34375,0.341518,0.341518,0.269868,14823200,0.341518
12/8/1981,0.339286,0.334821,0.334821,0.264576,12656000,0.339286
12/9/1981,0.339286,0.337054,0.337054,0.26634,8568000,0.337054
12/10/1981,0.339286,0.337054,0.337054,0.26634,9352000,0.337054
12/11/1981,0.339286,0.334821,0.334821,0.264576,19023200,0.337054
12/14/1981,0.328125,0.323661,0.323661,0.255757,6311200,0.328125
12/15/1981,0.334821,0.332589,0.332589,0.262812,7828800,0.332589
12/16/1981,0.350446,0.348214,0.348214,0.275159,16363200,0.348214
12/17/1981,0.379464,0.377232,0.377232,0.298089,12863200,0.377232
12/18/1981,0.410714,0.408482,0.408482,0.322783,17931200,0.408482
12/21/1981,0.392857,0.390625,0.390625,0.308672,14100800,0.392857
12/22/1981,0.399554,0.397321,0.397321,0.313964,13456800,0.397321
12/23/1981,0.390625,0.388393,0.388393,0.306908,7224000,0.390625
12/24/1981,0.392857,0.390625,0.390625,0.308672,7229600,0.390625
12/28/1981,0.377232,0.372768,0.372768,0.294561,9144800,0.377232
12/29/1981,0.383929,0.379464,0.379464,0.299853,6059200,0.379464
12/30/1981,0.397321,0.395089,0.395089,0.3122,8047200,0.395089
12/31/1981,0.397321,0.395089,0.395089,0.3122,13664000,0.395089
1/4/1982,0.395089,0.392857,0.392857,0.310436,17813600,0.395089
1/5/1982,0.377232,0.372768,0.372768,0.294561,8960000,0.377232
1/6/1982,0.370536,0.368304,0.368304,0.291034,16520000,0.370536
1/7/1982,0.34375,0.339286,0.339286,0.268104,17511200,0.34375
1/8/1982,0.357143,0.354911,0.354911,0.280451,14151200,0.354911
1/11/1982,0.334821,0.332589,0.332589,0.262812,8332800,0.334821
1/12/1982,0.323661,0.321429,0.321429,0.253993,14980000,0.323661
1/13/1982,0.321429,0.319196,0.319196,0.252229,10438400,0.321429
1/14/1982,0.337054,0.334821,0.334821,0.264576,6428800,0.334821
1/15/1982,0.361607,0.357143,0.357143,0.282215,11676000,0.357143
1/18/1982,0.368304,0.363839,0.363839,0.287506,7000000,0.363839
1/19/1982,0.359375,0.354911,0.354911,0.280451,13876800,0.359375
1/20/1982,0.363839,0.361607,0.361607,0.285742,6456800,0.361607
1/21/1982,0.370536,0.368304,0.368304,0.291034,8332800,0.368304
1/22/1982,0.372768,0.370536,0.370536,0.292798,6064800,0.370536
1/25/1982,0.361607,0.359375,0.359375,0.283978,11177600,0.361607
1/26/1982,0.350446,0.345982,0.345982,0.273395,5303200,0.350446
1/27/1982,0.352679,0.348214,0.348214,0.275159,7840000,0.348214
1/28/1982,0.361607,0.359375,0.359375,0.283978,9900800,0.359375
1/29/1982,0.366071,0.363839,0.363839,0.287506,13288800,0.363839
2/1/1982,0.363839,0.359375,0.359375,0.283978,9632000,0.363839
2/2/1982,0.366071,0.361607,0.361607,0.285742,13568800,0.361607
2/3/1982,0.363839,0.361607,0.361607,0.285742,7868000,0.361607
2/4/1982,0.354911,0.352679,0.352679,0.278687,5510400,0.354911
2/5/1982,0.354911,0.352679,0.352679,0.278687,10074400,0.352679
2/8/1982,0.332589,0.330357,0.330357,0.261048,7924000,0.332589
2/9/1982,0.332589,0.330357,0.330357,0.261048,14476000,0.330357
2/10/1982,0.337054,0.334821,0.334821,0.264576,9699200,0.334821
2/11/1982,0.332589,0.330357,0.330357,0.261048,6132000,0.332589
2/12/1982,0.337054,0.334821,0.334821,0.264576,4911200,0.334821
2/16/1982,0.330357,0.328125,0.328125,0.259285,8579200,0.330357
2/17/1982,0.334821,0.332589,0.332589,0.262812,6395200,0.332589
2/18/1982,0.339286,0.337054,0.337054,0.26634,7095200,0.337054
2/19/1982,0.337054,0.334821,0.334821,0.264576,3399200,0.337054
2/22/1982,0.332589,0.330357,0.330357,0.261048,6658400,0.332589
2/23/1982,0.328125,0.325893,0.325893,0.257521,8635200,0.328125
2/24/1982,0.330357,0.328125,0.328125,0.259285,9486400,0.328125
2/25/1982,0.328125,0.325893,0.325893,0.257521,7700000,0.328125
2/26/1982,0.328125,0.325893,0.325893,0.257521,4356800,0.325893
3/1/1982,0.330357,0.328125,0.328125,0.259285,8825600,0.328125
3/2/1982,0.330357,0.328125,0.328125,0.259285,8702400,0.328125
3/3/1982,0.330357,0.328125,0.328125,0.259285,5913600,0.328125
3/4/1982,0.323661,0.321429,0.321429,0.253993,9592800,0.323661
3/5/1982,0.299107,0.296875,0.296875,0.234591,11328800,0.299107
3/8/1982,0.294643,0.292411,0.292411,0.231063,8786400,0.294643
3/9/1982,0.296875,0.294643,0.294643,0.232827,13126400,0.294643
3/10/1982,0.292411,0.290179,0.290179,0.229299,21733600,0.292411
3/11/1982,0.294643,0.290179,0.290179,0.229299,5644800,0.290179
3/12/1982,0.274554,0.272321,0.272321,0.215189,11636800,0.274554
3/15/1982,0.272321,0.270089,0.270089,0.213425,12840800,0.272321
3/16/1982,0.267857,0.265625,0.265625,0.209897,11788000,0.267857
3/17/1982,0.254464,0.252232,0.252232,0.199314,12622400,0.254464
3/18/1982,0.274554,0.272321,0.272321,0.215189,14084000,0.272321
3/19/1982,0.299107,0.296875,0.296875,0.234591,16452800,0.296875
3/22/1982,0.321429,0.319196,0.319196,0.252229,17298400,0.319196
3/23/1982,0.316964,0.314732,0.314732,0.248702,13988800,0.316964
3/24/1982,0.299107,0.296875,0.296875,0.234591,12902400,0.299107
3/25/1982,0.296875,0.294643,0.294643,0.232827,21028000,0.296875
3/26/1982,0.292411,0.290179,0.290179,0.229299,12695200,0.292411
3/29/1982,0.299107,0.296875,0.296875,0.234591,16900800,0.296875
3/30/1982,0.303571,0.301339,0.301339,0.238119,19488000,0.301339
3/31/1982,0.303571,0.301339,0.301339,0.238119,12538400,0.301339
4/1/1982,0.319196,0.316964,0.316964,0.250465,14784000,0.316964
4/2/1982,0.319196,0.316964,0.316964,0.250465,21201600,0.316964
4/5/1982,0.319196,0.316964,0.316964,0.250465,21660800,0.316964
4/6/1982,0.316964,0.314732,0.314732,0.248702,17897600,0.316964
4/7/1982,0.3125,0.310268,0.310268,0.245174,7274400,0.3125
4/8/1982,0.314732,0.3125,0.3125,0.246938,5997600,0.3125
4/12/1982,0.314732,0.310268,0.310268,0.245174,11076800,0.3125
4/13/1982,0.287946,0.285714,0.285714,0.225772,21324800,0.287946
4/14/1982,0.290179,0.287946,0.287946,0.227535,28397600,0.287946
4/15/1982,0.294643,0.292411,0.292411,0.231063,41070400,0.292411
4/16/1982,0.303571,0.301339,0.301339,0.238119,26012000,0.301339
4/19/1982,0.299107,0.294643,0.294643,0.232827,10320800,0.299107
4/20/1982,0.283482,0.28125,0.28125,0.222244,20137600,0.283482
4/21/1982,0.28125,0.279018,0.279018,0.22048,18256000,0.28125
4/22/1982,0.276786,0.274554,0.274554,0.216952,13148800,0.276786
4/23/1982,0.276786,0.274554,0.274554,0.216952,12073600,0.274554
4/26/1982,0.283482,0.28125,0.28125,0.222244,14481600,0.28125
4/27/1982,0.274554,0.272321,0.272321,0.215189,17567200,0.274554
4/28/1982,0.263393,0.261161,0.261161,0.206369,24808000,0.263393
4/29/1982,0.263393,0.261161,0.261161,0.206369,20557600,0.261161
4/30/1982,0.265625,0.263393,0.263393,0.208133,69350400,0.263393
5/3/1982,0.274554,0.272321,0.272321,0.215189,20675200,0.272321
5/4/1982,0.283482,0.28125,0.28125,0.222244,18496800,0.28125
5/5/1982,0.28125,0.276786,0.276786,0.218716,13484800,0.28125
5/6/1982,0.287946,0.285714,0.285714,0.225772,18866400,0.285714
5/7/1982,0.292411,0.290179,0.290179,0.229299,21179200,0.290179
5/10/1982,0.287946,0.285714,0.285714,0.225772,7901600,0.287946
5/11/1982,0.279018,0.276786,0.276786,0.218716,25754400,0.279018
5/12/1982,0.272321,0.270089,0.270089,0.213425,17752000,0.272321
5/13/1982,0.274554,0.272321,0.272321,0.215189,13613600,0.272321
5/14/1982,0.265625,0.261161,0.261161,0.206369,23934400,0.265625
5/17/1982,0.258929,0.256696,0.256696,0.202842,19051200,0.258929
5/18/1982,0.254464,0.252232,0.252232,0.199314,30508800,0.254464
5/19/1982,0.252232,0.25,0.25,0.19755,18821600,0.252232
5/20/1982,0.254464,0.252232,0.252232,0.199314,6904800,0.252232
5/21/1982,0.256696,0.254464,0.254464,0.201078,9710400,0.254464
5/24/1982,0.258929,0.256696,0.256696,0.202842,7996800,0.256696
5/25/1982,0.258929,0.256696,0.256696,0.202842,12891200,0.256696
5/26/1982,0.256696,0.254464,0.254464,0.201078,10819200,0.256696
5/27/1982,0.252232,0.25,0.25,0.19755,7812000,0.252232
5/28/1982,0.252232,0.25,0.25,0.19755,4799200,0.25
6/1/1982,0.247768,0.245536,0.245536,0.194022,11900000,0.247768
6/2/1982,0.252232,0.25,0.25,0.19755,8226400,0.25
6/3/1982,0.245536,0.241071,0.241071,0.190495,9940000,0.245536
6/4/1982,0.236607,0.234375,0.234375,0.185203,9419200,0.236607
6/7/1982,0.236607,0.234375,0.234375,0.185203,9290400,0.234375
6/8/1982,0.234375,0.232143,0.232143,0.183439,7851200,0.234375
6/9/1982,0.229911,0.227679,0.227679,0.179912,8461600,0.229911
6/10/1982,0.232143,0.229911,0.229911,0.181676,8601600,0.229911
6/11/1982,0.241071,0.238839,0.238839,0.188731,13658400,0.238839
6/14/1982,0.241071,0.238839,0.238839,0.188731,7498400,0.238839
6/15/1982,0.241071,0.238839,0.238839,0.188731,8803200,0.238839
6/16/1982,0.241071,0.238839,0.238839,0.188731,10432800,0.238839
6/17/1982,0.236607,0.234375,0.234375,0.185203,7291200,0.236607
6/18/1982,0.234375,0.229911,0.229911,0.181676,4967200,0.234375
6/21/1982,0.232143,0.229911,0.229911,0.181676,7134400,0.229911
6/22/1982,0.243304,0.238839,0.238839,0.188731,4390400,0.238839
6/23/1982,0.25,0.245536,0.245536,0.194022,13188000,0.245536
6/24/1982,0.247768,0.245536,0.245536,0.194022,11037600,0.245536
6/25/1982,0.238839,0.236607,0.236607,0.186967,6669600,0.238839
6/28/1982,0.236607,0.234375,0.234375,0.185203,6288800,0.236607
6/29/1982,0.229911,0.227679,0.227679,0.179912,8954400,0.229911
6/30/1982,0.229911,0.227679,0.227679,0.179912,16906400,0.227679
7/1/1982,0.227679,0.225446,0.225446,0.178148,13932800,0.227679
7/2/1982,0.216518,0.214286,0.214286,0.169329,14526400,0.216518
7/6/1982,0.207589,0.205357,0.205357,0.162273,21924000,0.207589
7/7/1982,0.207589,0.205357,0.205357,0.162273,7593600,0.205357
7/8/1982,0.198661,0.196429,0.196429,0.155218,41081600,0.198661
7/9/1982,0.205357,0.203125,0.203125,0.16051,32104800,0.203125
7/12/1982,0.209821,0.207589,0.207589,0.164037,15848000,0.207589
7/13/1982,0.223214,0.220982,0.220982,0.17462,28593600,0.220982
7/14/1982,0.227679,0.223214,0.223214,0.176384,17780000,0.223214
7/15/1982,0.229911,0.227679,0.227679,0.179912,16447200,0.227679
7/16/1982,0.238839,0.236607,0.236607,0.186967,19252800,0.236607
7/19/1982,0.241071,0.238839,0.238839,0.188731,20944000,0.238839
7/20/1982,0.256696,0.254464,0.254464,0.201078,12426400,0.254464
7/21/1982,0.256696,0.254464,0.254464,0.201078,17925600,0.254464
7/22/1982,0.258929,0.256696,0.256696,0.202842,8803200,0.256696
7/23/1982,0.254464,0.252232,0.252232,0.199314,4575200,0.254464
7/26/1982,0.243304,0.241071,0.241071,0.190495,14212800,0.243304
7/27/1982,0.243304,0.241071,0.241071,0.190495,8080800,0.241071
7/28/1982,0.232143,0.229911,0.229911,0.181676,13378400,0.232143
7/29/1982,0.241071,0.238839,0.238839,0.188731,15467200,0.238839
7/30/1982,0.243304,0.241071,0.241071,0.190495,9654400,0.241071
8/2/1982,0.25,0.247768,0.247768,0.195786,23598400,0.247768
8/3/1982,0.234375,0.232143,0.232143,0.183439,22467200,0.234375
8/4/1982,0.232143,0.229911,0.229911,0.181676,20966400,0.232143
8/5/1982,0.223214,0.220982,0.220982,0.17462,17438400,0.223214
8/6/1982,0.220982,0.21875,0.21875,0.172856,24208800,0.220982
8/9/1982,0.223214,0.220982,0.220982,0.17462,14028000,0.220982
8/10/1982,0.236607,0.234375,0.234375,0.185203,28061600,0.234375
8/11/1982,0.238839,0.236607,0.236607,0.186967,17472000,0.236607
8/12/1982,0.236607,0.234375,0.234375,0.185203,7655200,0.236607
8/13/1982,0.236607,0.234375,0.234375,0.185203,6490400,0.234375
8/16/1982,0.241071,0.238839,0.238839,0.188731,9604000,0.238839
8/17/1982,0.258929,0.254464,0.254464,0.201078,11933600,0.254464
8/18/1982,0.256696,0.254464,0.254464,0.201078,31264800,0.254464
8/19/1982,0.258929,0.256696,0.256696,0.202842,11905600,0.256696
8/20/1982,0.265625,0.263393,0.263393,0.208133,13714400,0.263393
8/23/1982,0.276786,0.274554,0.274554,0.216952,17421600,0.274554
8/24/1982,0.290179,0.287946,0.287946,0.227535,38942400,0.287946
8/25/1982,0.310268,0.308036,0.308036,0.24341,89269600,0.308036
8/26/1982,0.319196,0.316964,0.316964,0.250465,52645600,0.316964
8/27/1982,0.303571,0.301339,0.301339,0.238119,24662400,0.303571
8/30/1982,0.308036,0.305804,0.305804,0.241646,20109600,0.305804
8/31/1982,0.323661,0.321429,0.321429,0.253993,35140000,0.321429
9/1/1982,0.314732,0.3125,0.3125,0.246938,20641600,0.314732
9/2/1982,0.328125,0.325893,0.325893,0.257521,18855200,0.325893
9/3/1982,0.330357,0.328125,0.328125,0.259285,26135200,0.328125
9/7/1982,0.3125,0.310268,0.310268,0.245174,20344800,0.3125
9/8/1982,0.323661,0.321429,0.321429,0.253993,18082400,0.321429
9/9/1982,0.316964,0.314732,0.314732,0.248702,15898400,0.316964
9/10/1982,0.325893,0.323661,0.323661,0.255757,14016800,0.323661
9/13/1982,0.328125,0.325893,0.325893,0.257521,14722400,0.325893
9/14/1982,0.339286,0.337054,0.337054,0.26634,25373600,0.337054
9/15/1982,0.337054,0.334821,0.334821,0.264576,17936800,0.337054
9/16/1982,0.328125,0.323661,0.323661,0.255757,20092800,0.328125
9/17/1982,0.319196,0.316964,0.316964,0.250465,13512800,0.319196
9/20/1982,0.321429,0.319196,0.319196,0.252229,9783200,0.319196
9/21/1982,0.328125,0.325893,0.325893,0.257521,9167200,0.325893
9/22/1982,0.337054,0.334821,0.334821,0.264576,25844000,0.334821
9/23/1982,0.337054,0.334821,0.334821,0.264576,34955200,0.334821
9/24/1982,0.325893,0.323661,0.323661,0.255757,44548000,0.325893
9/27/1982,0.328125,0.323661,0.323661,0.255757,9536800,0.323661
9/28/1982,0.332589,0.328125,0.328125,0.259285,21380800,0.328125
9/29/1982,0.330357,0.328125,0.328125,0.259285,16391200,0.328125
9/30/1982,0.328125,0.325893,0.325893,0.257521,18670400,0.328125
10/1/1982,0.334821,0.330357,0.330357,0.261048,11564000,0.330357
10/4/1982,0.337054,0.321429,0.334821,0.264576,17332000,0.330357
10/5/1982,0.34375,0.334821,0.337054,0.26634,20059200,0.334821
10/6/1982,0.361607,0.337054,0.361607,0.285742,43383200,0.337054
10/7/1982,0.392857,0.363839,0.390625,0.308672,77918400,0.363839
10/8/1982,0.421875,0.388393,0.419643,0.331602,68885600,0.390625
10/11/1982,0.441964,0.419643,0.428571,0.338657,78433600,0.419643
10/12/1982,0.435268,0.410714,0.415179,0.328074,64736000,0.428571
10/13/1982,0.433036,0.410714,0.419643,0.331602,49711200,0.415179
10/14/1982,0.426339,0.412946,0.421875,0.333366,44665600,0.419643
10/15/1982,0.419643,0.404018,0.410714,0.324547,36153600,0.419643
10/18/1982,0.421875,0.410714,0.419643,0.331602,23587200,0.410714
10/19/1982,0.433036,0.419643,0.428571,0.338657,30710400,0.419643
10/20/1982,0.457589,0.426339,0.453125,0.35806,60524800,0.428571
10/21/1982,0.477679,0.446429,0.464286,0.366879,56879200,0.453125
10/22/1982,0.477679,0.462054,0.462054,0.365115,40420800,0.464286
10/25/1982,0.464286,0.433036,0.435268,0.343949,46233600,0.462054
10/26/1982,0.439732,0.415179,0.4375,0.345713,41938400,0.435268
10/27/1982,0.450893,0.4375,0.448661,0.354532,47790400,0.4375
10/28/1982,0.453125,0.441964,0.448661,0.354532,54420800,0.448661
10/29/1982,0.453125,0.441964,0.453125,0.35806,29528800,0.448661
11/1/1982,0.482143,0.448661,0.477679,0.377462,26090400,0.453125
11/2/1982,0.526786,0.482143,0.511161,0.40392,77711200,0.482143
11/3/1982,0.549107,0.511161,0.549107,0.433905,58783200,0.511161
11/4/1982,0.569196,0.544643,0.553571,0.437432,82269600,0.549107
11/5/1982,0.549107,0.529018,0.537946,0.425086,35375200,0.549107
11/8/1982,0.542411,0.513393,0.515625,0.407447,29797600,0.537946
11/9/1982,0.537946,0.513393,0.533482,0.421558,44945600,0.515625
11/10/1982,0.5625,0.535714,0.553571,0.437432,50696800,0.535714
11/11/1982,0.589286,0.544643,0.589286,0.465654,30788800,0.553571
11/12/1982,0.607143,0.578125,0.578125,0.456835,32776800,0.589286
11/15/1982,0.584821,0.558036,0.564732,0.446252,31147200,0.578125
11/16/1982,0.566964,0.533482,0.535714,0.423322,45505600,0.564732
11/17/1982,0.5625,0.535714,0.560268,0.442724,36036000,0.535714
11/18/1982,0.569196,0.558036,0.560268,0.442724,38169600,0.560268
11/19/1982,0.564732,0.549107,0.551339,0.435669,24326400,0.560268
11/22/1982,0.551339,0.502232,0.502232,0.396864,25312000,0.551339
11/23/1982,0.53125,0.508929,0.515625,0.407447,22125600,0.508929
11/24/1982,0.544643,0.513393,0.526786,0.416266,18435200,0.515625
11/26/1982,0.533482,0.506696,0.517857,0.409211,25496800,0.526786
11/29/1982,0.524554,0.5,0.515625,0.407447,12488000,0.517857
11/30/1982,0.571429,0.513393,0.569196,0.449779,39799200,0.515625
12/1/1982,0.602679,0.569196,0.580357,0.458599,51710400,0.569196
12/2/1982,0.589286,0.571429,0.580357,0.458599,41182400,0.580357
12/3/1982,0.573661,0.560268,0.566964,0.448015,11894400,0.573661
12/6/1982,0.602679,0.5625,0.598214,0.472709,36646400,0.566964
12/7/1982,0.618304,0.584821,0.604911,0.478001,41820800,0.598214
12/8/1982,0.622768,0.589286,0.591518,0.467418,28078400,0.604911
12/9/1982,0.582589,0.553571,0.5625,0.444488,48664000,0.582589
12/10/1982,0.553571,0.515625,0.522321,0.412739,41871200,0.553571
12/13/1982,0.517857,0.511161,0.511161,0.40392,23844800,0.517857
12/14/1982,0.542411,0.5,0.506696,0.400392,67513600,0.511161
12/15/1982,0.508929,0.493304,0.504464,0.398628,32698400,0.506696
12/16/1982,0.522321,0.5,0.513393,0.405683,35291200,0.504464
12/17/1982,0.542411,0.511161,0.537946,0.425086,20182400,0.513393
12/20/1982,0.540179,0.53125,0.535714,0.423322,17444000,0.537946
12/21/1982,0.540179,0.526786,0.540179,0.426849,19986400,0.535714
12/22/1982,0.555804,0.542411,0.555804,0.439196,25306400,0.542411
12/23/1982,0.571429,0.551339,0.571429,0.451543,21744800,0.555804
12/27/1982,0.587054,0.566964,0.584821,0.462126,15467200,0.571429
12/28/1982,0.602679,0.573661,0.580357,0.458599,28341600,0.584821
12/29/1982,0.582589,0.553571,0.560268,0.442724,20176800,0.580357
12/30/1982,0.566964,0.529018,0.535714,0.423322,39216800,0.560268
12/31/1982,0.542411,0.533482,0.533482,0.421558,12415200,0.535714
1/3/1983,0.540179,0.504464,0.508929,0.402156,28207200,0.533482
1/4/1983,0.540179,0.5,0.537946,0.425086,55927200,0.508929
1/5/1983,0.544643,0.529018,0.540179,0.426849,35386400,0.537946
1/6/1983,0.542411,0.517857,0.520089,0.410975,24449600,0.540179
1/7/1983,0.526786,0.491071,0.491071,0.388045,43013600,0.520089
1/10/1983,0.517857,0.486607,0.513393,0.405683,68835200,0.491071
1/11/1983,0.526786,0.513393,0.520089,0.410975,347200,0.513393
1/12/1983,0.5625,0.526786,0.549107,0.433905,44245600,0.526786
1/13/1983,0.553571,0.540179,0.549107,0.433905,20568800,0.549107
1/14/1983,0.589286,0.551339,0.589286,0.465654,46160800,0.551339
1/17/1983,0.618304,0.584821,0.609375,0.481528,58716000,0.589286
1/18/1983,0.622768,0.580357,0.595982,0.470945,54947200,0.609375
1/19/1983,0.607143,0.59375,0.600446,0.474473,42414400,0.595982
1/20/1983,0.667411,0.600446,0.667411,0.527388,176960000,0.600446
1/21/1983,0.696429,0.660714,0.667411,0.527388,100648800,0.667411
1/24/1983,0.667411,0.618304,0.629464,0.497403,78853600,0.667411
1/25/1983,0.669643,0.625,0.654018,0.516806,41759200,0.629464
1/26/1983,0.6875,0.660714,0.680804,0.537971,50803200,0.660714
1/27/1983,0.732143,0.678571,0.727679,0.575012,26079200,0.680804
1/28/1983,0.75,0.723214,0.732143,0.57854,99433600,0.727679
1/31/1983,0.743304,0.716518,0.729911,0.576776,47000800,0.732143
2/1/1983,0.745536,0.71875,0.745536,0.589123,52740800,0.729911
2/2/1983,0.78125,0.734375,0.765625,0.604997,66763200,0.745536
2/3/1983,0.799107,0.758929,0.796875,0.629691,63134400,0.765625
2/4/1983,0.810268,0.783482,0.785714,0.620872,53586400,0.796875
2/7/1983,0.796875,0.741071,0.754464,0.596178,35728000,0.785714
2/8/1983,0.765625,0.738839,0.747768,0.590887,42028000,0.754464
2/9/1983,0.758929,0.727679,0.754464,0.596178,45203200,0.747768
2/10/1983,0.808036,0.754464,0.803571,0.634983,59180800,0.754464
2/11/1983,0.84375,0.810268,0.830357,0.656149,50887200,0.810268
2/14/1983,0.830357,0.805804,0.825893,0.652621,31544800,0.830357
2/15/1983,0.832589,0.801339,0.810268,0.640274,28795200,0.825893
2/16/1983,0.810268,0.790179,0.794643,0.627928,29142400,0.810268
2/17/1983,0.794643,0.761161,0.785714,0.620872,34042400,0.794643
2/18/1983,0.819196,0.776786,0.810268,0.640274,28722400,0.785714
2/22/1983,0.852679,0.814732,0.830357,0.656149,49196000,0.814732
2/23/1983,0.841518,0.823661,0.837054,0.66144,27008800,0.830357
2/24/1983,0.863839,0.84375,0.859375,0.679079,28873600,0.84375
2/25/1983,0.868304,0.830357,0.834821,0.659676,28672000,0.859375
2/28/1983,0.837054,0.8125,0.814732,0.643802,33073600,0.834821
3/1/1983,0.832589,0.8125,0.828125,0.654385,35067200,0.814732
3/2/1983,0.839286,0.825893,0.834821,0.659676,26488000,0.828125
3/3/1983,0.84375,0.805804,0.808036,0.63851,32883200,0.834821
3/4/1983,0.810268,0.772321,0.796875,0.629691,37951200,0.808036
3/7/1983,0.799107,0.758929,0.78125,0.617344,38169600,0.796875
3/8/1983,0.776786,0.745536,0.756696,0.597942,55160000,0.776786
3/9/1983,0.779018,0.743304,0.779018,0.61558,49834400,0.756696
3/10/1983,0.787946,0.761161,0.767857,0.606761,28151200,0.779018
3/11/1983,0.78125,0.738839,0.756696,0.597942,21940800,0.767857
3/14/1983,0.754464,0.720982,0.738839,0.583831,42968800,0.754464
3/15/1983,0.75,0.716518,0.75,0.59265,18765600,0.738839
3/16/1983,0.776786,0.745536,0.75,0.59265,27742400,0.75
3/17/1983,0.756696,0.747768,0.756696,0.597942,11037600,0.75
3/18/1983,0.776786,0.754464,0.767857,0.606761,21532000,0.756696
3/21/1983,0.787946,0.763393,0.785714,0.620872,26006400,0.767857
3/22/1983,0.805804,0.785714,0.794643,0.627928,25250400,0.785714
3/23/1983,0.796875,0.754464,0.756696,0.597942,35190400,0.794643
3/24/1983,0.779018,0.754464,0.770089,0.608525,25614400,0.756696
3/25/1983,0.783482,0.767857,0.770089,0.608525,14515200,0.770089
3/28/1983,0.767857,0.745536,0.758929,0.599706,18642400,0.767857
3/29/1983,0.787946,0.761161,0.78125,0.617344,25933600,0.761161
3/30/1983,0.792411,0.78125,0.790179,0.6244,21952000,0.78125
3/31/1983,0.794643,0.754464,0.754464,0.596178,21285600,0.790179
4/4/1983,0.754464,0.716518,0.734375,0.580304,31847200,0.754464
4/5/1983,0.75,0.720982,0.720982,0.569721,30525600,0.734375
4/6/1983,0.723214,0.705357,0.714286,0.564429,53496800,0.720982
4/7/1983,0.71875,0.703125,0.707589,0.559138,36377600,0.714286
4/8/1983,0.712054,0.689732,0.703125,0.55561,37564800,0.707589
4/11/1983,0.747768,0.691964,0.743304,0.587359,57618400,0.703125
4/12/1983,0.761161,0.743304,0.758929,0.599706,43512000,0.743304
4/13/1983,0.787946,0.758929,0.785714,0.620872,47443200,0.758929
4/14/1983,0.805804,0.779018,0.803571,0.634983,34092800,0.785714
4/15/1983,0.823661,0.803571,0.816964,0.645566,28750400,0.803571
4/18/1983,0.854911,0.821429,0.839286,0.663204,38892000,0.821429
4/19/1983,0.845982,0.825893,0.830357,0.656149,58469600,0.839286
4/20/1983,0.910714,0.830357,0.904018,0.714356,72083200,0.830357
4/21/1983,0.941964,0.915179,0.928571,0.733758,57512000,0.915179
4/22/1983,0.9375,0.90625,0.910714,0.719647,31796800,0.928571
4/25/1983,0.917411,0.863839,0.868304,0.686134,31427200,0.910714
4/26/1983,0.904018,0.866071,0.892857,0.705536,24858400,0.868304
4/27/1983,0.912946,0.875,0.883929,0.698481,21509600,0.892857
4/28/1983,0.897321,0.872768,0.892857,0.705536,19852000,0.883929
4/29/1983,0.90625,0.881696,0.901786,0.712592,77078400,0.892857
5/2/1983,0.90625,0.863839,0.875,0.691426,24270400,0.901786
5/3/1983,0.877232,0.850446,0.866071,0.68437,26499200,0.875
5/4/1983,0.919643,0.866071,0.919643,0.726703,32278400,0.866071
5/5/1983,0.982143,0.919643,0.979911,0.774326,35123200,0.919643
5/6/1983,0.995536,0.959821,0.984375,0.777854,25037600,0.979911
5/9/1983,0.986607,0.962054,0.970982,0.767271,17292800,0.984375
5/10/1983,0.988839,0.966518,0.977679,0.772562,12975200,0.970982
5/11/1983,0.982143,0.946429,0.953125,0.75316,13815200,0.977679
5/12/1983,0.953125,0.935268,0.944196,0.746104,24606400,0.953125
5/13/1983,0.957589,0.944196,0.948661,0.749632,12241600,0.944196
5/16/1983,0.948661,0.919643,0.924107,0.73023,17298400,0.948661
5/17/1983,0.928571,0.912946,0.926339,0.731994,38589600,0.924107
5/18/1983,0.946429,0.926339,0.9375,0.740813,39250400,0.926339
5/19/1983,0.96875,0.9375,0.966518,0.763743,17572800,0.9375
5/20/1983,1.017857,0.953125,1.015625,0.802548,36523200,0.966518
5/23/1983,1.026786,0.995536,1.026786,0.811367,30436000,1.015625
5/24/1983,1.080357,1.026786,1.080357,0.853699,26924800,1.026786
5/25/1983,1.089286,1.055804,1.071429,0.846643,38432800,1.080357
5/26/1983,1.078125,1.051339,1.060268,0.837824,26392800,1.071429
5/27/1983,1.071429,1.055804,1.060268,0.837824,14156800,1.060268
5/31/1983,1.058036,1.011161,1.03125,0.814895,11384800,1.058036
6/1/1983,1.040179,1.022321,1.037946,0.820186,24522400,1.03125
6/2/1983,1.044643,1.03125,1.044643,0.825477,19857600,1.037946
6/3/1983,1.100446,1.044643,1.095982,0.866046,16133600,1.044643
6/6/1983,1.120536,1.095982,1.120536,0.885448,26023200,1.095982
6/7/1983,1.129464,1.082589,1.082589,0.855463,24544800,1.120536
6/8/1983,1.087054,1.060268,1.069196,0.84488,21011200,1.082589
6/9/1983,1.080357,1.042411,1.0625,0.839588,13697600,1.069196
6/10/1983,1.069196,1.055804,1.058036,0.836061,9357600,1.0625
6/13/1983,1.060268,0.982143,1.022321,0.807839,44816800,1.058036
6/14/1983,1.03125,0.995536,1,0.790201,42632800,1.022321
6/15/1983,0.997768,0.950893,0.970982,0.767271,48339200,0.997768
6/16/1983,1.022321,0.975446,1.022321,0.807839,30721600,0.975446
6/17/1983,1.026786,1.002232,1.002232,0.791965,14011200,1.022321
6/20/1983,1.008929,0.944196,0.953125,0.75316,34893600,1.002232
6/21/1983,0.964286,0.935268,0.959821,0.758451,31365600,0.953125
6/22/1983,0.993304,0.962054,0.988839,0.781381,35240800,0.962054
6/23/1983,0.984375,0.955357,0.957589,0.756688,33499200,0.984375
6/24/1983,0.970982,0.948661,0.950893,0.751396,11911200,0.957589
6/27/1983,0.950893,0.899554,0.899554,0.710828,30760800,0.950893
6/28/1983,0.904018,0.830357,0.837054,0.66144,87292800,0.899554
6/29/1983,0.886161,0.816964,0.877232,0.693189,73595200,0.837054
6/30/1983,0.892857,0.868304,0.872768,0.689662,27641600,0.877232
7/1/1983,0.888393,0.868304,0.879464,0.694953,43064000,0.872768
7/5/1983,0.881696,0.841518,0.84375,0.666732,20512800,0.879464
7/6/1983,0.848214,0.828125,0.845982,0.668496,23979200,0.84375
7/7/1983,0.848214,0.830357,0.834821,0.659676,22360800,0.845982
7/8/1983,0.834821,0.821429,0.825893,0.652621,17544800,0.834821
7/11/1983,0.861607,0.825893,0.848214,0.670259,28229600,0.825893
7/12/1983,0.857143,0.823661,0.828125,0.654385,18799200,0.848214
7/13/1983,0.830357,0.810268,0.823661,0.650857,32250400,0.828125
7/14/1983,0.837054,0.816964,0.821429,0.649093,18726400,0.823661
7/15/1983,0.821429,0.787946,0.792411,0.626164,16990400,0.821429
7/18/1983,0.794643,0.772321,0.790179,0.6244,20406400,0.792411
7/19/1983,0.828125,0.774554,0.78125,0.617344,42784000,0.790179
7/20/1983,0.787946,0.727679,0.736607,0.582068,76221600,0.78125
7/21/1983,0.792411,0.732143,0.774554,0.612053,79346400,0.736607
7/22/1983,0.783482,0.772321,0.78125,0.617344,29108800,0.774554
7/25/1983,0.78125,0.758929,0.770089,0.608525,19107200,0.78125
7/26/1983,0.774554,0.669643,0.698661,0.552082,67244800,0.770089
7/27/1983,0.720982,0.638393,0.647321,0.511514,75079200,0.698661
7/28/1983,0.65625,0.607143,0.607143,0.479765,67620000,0.647321
7/29/1983,0.629464,0.604911,0.622768,0.492112,55081600,0.607143
8/1/1983,0.649554,0.611607,0.616071,0.48682,58111200,0.622768
8/2/1983,0.625,0.611607,0.613839,0.485056,25412800,0.616071
8/3/1983,0.636161,0.604911,0.622768,0.492112,30956800,0.613839
8/4/1983,0.629464,0.566964,0.59375,0.469182,73029600,0.622768
8/5/1983,0.616071,0.589286,0.604911,0.478001,32855200,0.59375
8/8/1983,0.620536,0.591518,0.607143,0.479765,19202400,0.604911
8/9/1983,0.622768,0.602679,0.613839,0.485056,37592800,0.607143
8/10/1983,0.618304,0.598214,0.611607,0.483292,40493600,0.613839
8/11/1983,0.620536,0.59375,0.602679,0.476237,22545600,0.611607
8/12/1983,0.616071,0.591518,0.598214,0.472709,18659200,0.602679
8/15/1983,0.613839,0.595982,0.613839,0.485056,38068800,0.598214
8/16/1983,0.620536,0.598214,0.604911,0.478001,22842400,0.613839
8/17/1983,0.611607,0.584821,0.591518,0.467418,23609600,0.604911
8/18/1983,0.604911,0.589286,0.598214,0.472709,20434400,0.591518
8/19/1983,0.607143,0.59375,0.602679,0.476237,14649600,0.598214
8/22/1983,0.609375,0.59375,0.600446,0.474473,21341600,0.602679
8/23/1983,0.600446,0.564732,0.569196,0.449779,23396800,0.600446
8/24/1983,0.566964,0.537946,0.540179,0.426849,28324800,0.566964
8/25/1983,0.549107,0.535714,0.544643,0.430377,47443200,0.540179
8/26/1983,0.553571,0.540179,0.551339,0.435669,23296000,0.544643
8/29/1983,0.564732,0.535714,0.558036,0.44096,34574400,0.551339
8/30/1983,0.598214,0.558036,0.587054,0.46389,58486400,0.558036
8/31/1983,0.665179,0.591518,0.665179,0.525625,50058400,0.591518
9/1/1983,0.6875,0.633929,0.649554,0.513278,54532800,0.665179
9/2/1983,0.678571,0.647321,0.678571,0.536208,32334400,0.649554
9/6/1983,0.709821,0.691964,0.703125,0.55561,45421600,0.691964
9/7/1983,0.700893,0.604911,0.618304,0.488584,96213600,0.700893
9/8/1983,0.625,0.558036,0.566964,0.448015,76764800,0.618304
9/9/1983,0.569196,0.544643,0.546875,0.432141,53172000,0.566964
9/12/1983,0.580357,0.540179,0.546875,0.432141,66578400,0.546875
9/13/1983,0.580357,0.542411,0.571429,0.451543,51044000,0.546875
9/14/1983,0.584821,0.553571,0.564732,0.446252,45382400,0.571429
9/15/1983,0.566964,0.53125,0.537946,0.425086,39709600,0.564732
9/16/1983,0.537946,0.520089,0.524554,0.414503,56436800,0.537946
9/19/1983,0.575893,0.522321,0.571429,0.451543,50495200,0.524554
9/20/1983,0.598214,0.571429,0.573661,0.453307,56604800,0.571429
9/21/1983,0.582589,0.560268,0.5625,0.444488,26588800,0.573661
9/22/1983,0.582589,0.555804,0.580357,0.458599,36030400,0.5625
9/23/1983,0.446429,0.397321,0.433036,0.342185,708086400,0.446429
9/26/1983,0.462054,0.435268,0.444196,0.351004,192192000,0.435268
9/27/1983,0.446429,0.410714,0.419643,0.331602,104277600,0.444196
9/28/1983,0.419643,0.395089,0.408482,0.322783,93374400,0.419643
9/29/1983,0.424107,0.404018,0.40625,0.321019,70694400,0.408482
9/30/1983,0.421875,0.401786,0.412946,0.326311,29467200,0.40625
10/3/1983,0.419643,0.404018,0.412946,0.326311,38225600,0.412946
10/4/1983,0.421875,0.40625,0.408482,0.322783,42403200,0.412946
10/5/1983,0.415179,0.395089,0.401786,0.317491,47667200,0.408482
10/6/1983,0.408482,0.388393,0.397321,0.313964,58234400,0.401786
10/7/1983,0.424107,0.359375,0.363839,0.287506,61583200,0.397321
10/10/1983,0.359375,0.328125,0.352679,0.278687,129281600,0.359375
10/11/1983,0.354911,0.341518,0.345982,0.273395,63190400,0.352679
10/12/1983,0.379464,0.34375,0.377232,0.298089,118154400,0.345982
10/13/1983,0.428571,0.388393,0.410714,0.324547,105128800,0.388393
10/14/1983,0.424107,0.401786,0.40625,0.321019,69815200,0.410714
10/17/1983,0.40625,0.372768,0.375,0.296325,54779200,0.40625
10/18/1983,0.370536,0.337054,0.345982,0.273395,95743200,0.370536
10/19/1983,0.397321,0.341518,0.383929,0.303381,71848000,0.345982
10/20/1983,0.395089,0.354911,0.363839,0.287506,32922400,0.383929
10/21/1983,0.372768,0.350446,0.354911,0.280451,39250400,0.363839
10/24/1983,0.377232,0.319196,0.377232,0.298089,64848000,0.354911
10/25/1983,0.390625,0.375,0.379464,0.299853,42112000,0.377232
10/26/1983,0.383929,0.357143,0.359375,0.283978,32228000,0.379464
10/27/1983,0.386161,0.359375,0.377232,0.298089,24460800,0.359375
10/28/1983,0.381696,0.363839,0.372768,0.294561,20300000,0.377232
10/31/1983,0.410714,0.377232,0.404018,0.319255,43293600,0.377232
11/1/1983,0.428571,0.386161,0.410714,0.324547,82096000,0.404018
11/2/1983,0.430804,0.410714,0.419643,0.331602,50618400,0.410714
11/3/1983,0.421875,0.375,0.390625,0.308672,71500800,0.419643
11/4/1983,0.392857,0.375,0.377232,0.298089,36685600,0.390625
11/7/1983,0.386161,0.370536,0.375,0.296325,38029600,0.377232
11/8/1983,0.348214,0.308036,0.319196,0.252229,305379200,0.348214
11/9/1983,0.34375,0.3125,0.34375,0.271632,88368000,0.319196
11/10/1983,0.359375,0.34375,0.350446,0.276923,55518400,0.34375
11/11/1983,0.363839,0.348214,0.357143,0.282215,29008000,0.350446
11/14/1983,0.361607,0.350446,0.352679,0.278687,27070400,0.357143
11/15/1983,0.354911,0.339286,0.352679,0.278687,29657600,0.352679
11/16/1983,0.366071,0.350446,0.357143,0.282215,25569600,0.352679
11/17/1983,0.370536,0.357143,0.366071,0.28927,22596000,0.357143
11/18/1983,0.372768,0.361607,0.368304,0.291034,19975200,0.366071
11/21/1983,0.386161,0.368304,0.383929,0.303381,26252800,0.368304
11/22/1983,0.388393,0.379464,0.383929,0.303381,26297600,0.383929
11/23/1983,0.383929,0.357143,0.363839,0.287506,28588000,0.383929
11/25/1983,0.368304,0.363839,0.366071,0.28927,9324000,0.363839
11/28/1983,0.377232,0.363839,0.375,0.296325,18099200,0.366071
11/29/1983,0.383929,0.366071,0.370536,0.292798,23822400,0.375
11/30/1983,0.375,0.363839,0.363839,0.287506,16083200,0.370536
12/1/1983,0.372768,0.357143,0.361607,0.285742,19168800,0.363839
12/2/1983,0.361607,0.352679,0.354911,0.280451,21341600,0.361607
12/5/1983,0.366071,0.352679,0.363839,0.287506,11289600,0.354911
12/6/1983,0.368304,0.361607,0.366071,0.28927,12997600,0.363839
12/7/1983,0.383929,0.361607,0.375,0.296325,22288000,0.366071
12/8/1983,0.395089,0.375,0.383929,0.303381,34406400,0.375
12/9/1983,0.395089,0.379464,0.386161,0.305144,20692000,0.383929
12/12/1983,0.388393,0.375,0.383929,0.303381,16284800,0.386161
12/13/1983,0.40625,0.381696,0.401786,0.317491,49386400,0.383929
12/14/1983,0.421875,0.386161,0.417411,0.329838,50472800,0.401786
12/15/1983,0.441964,0.417411,0.435268,0.343949,79150400,0.417411
12/16/1983,0.446429,0.433036,0.441964,0.34924,46216800,0.435268
12/19/1983,0.446429,0.426339,0.428571,0.338657,43400000,0.441964
12/20/1983,0.428571,0.410714,0.417411,0.329838,44436000,0.428571
12/21/1983,0.433036,0.415179,0.433036,0.342185,42946400,0.417411
12/22/1983,0.441964,0.430804,0.441964,0.34924,32636800,0.433036
12/23/1983,0.444196,0.433036,0.439732,0.347477,12140800,0.441964
12/27/1983,0.446429,0.439732,0.441964,0.34924,24108000,0.439732
12/28/1983,0.450893,0.4375,0.446429,0.352768,32138400,0.441964
12/29/1983,0.450893,0.435268,0.435268,0.343949,25687200,0.446429
12/30/1983,0.446429,0.433036,0.435268,0.343949,22965600,0.435268
1/3/1984,0.466518,0.435268,0.457589,0.361587,37548000,0.435268
1/4/1984,0.5,0.459821,0.497768,0.393336,73152800,0.459821
1/5/1984,0.517857,0.493304,0.504464,0.398628,76428800,0.497768
1/6/1984,0.511161,0.486607,0.495536,0.391573,42123200,0.504464
1/9/1984,0.495536,0.453125,0.46875,0.370406,53933600,0.495536
1/10/1984,0.493304,0.46875,0.493304,0.389809,43047200,0.46875
1/11/1984,0.508929,0.491071,0.5,0.3951,43988000,0.493304
1/12/1984,0.506696,0.493304,0.497768,0.393336,27585600,0.5
1/13/1984,0.504464,0.477679,0.486607,0.384517,30436000,0.497768
1/16/1984,0.504464,0.484375,0.497768,0.393336,34395200,0.486607
1/17/1984,0.513393,0.497768,0.511161,0.40392,37268000,0.497768
1/18/1984,0.522321,0.502232,0.513393,0.405683,55126400,0.511161
1/19/1984,0.526786,0.508929,0.517857,0.409211,37430400,0.513393
1/20/1984,0.520089,0.504464,0.511161,0.40392,35336000,0.517857
1/23/1984,0.520089,0.506696,0.515625,0.407447,69591200,0.511161
1/24/1984,0.517857,0.473214,0.486607,0.384517,80057600,0.515625
1/25/1984,0.515625,0.479911,0.482143,0.38099,65968000,0.486607
1/26/1984,0.5,0.482143,0.493304,0.389809,42123200,0.482143
1/27/1984,0.495536,0.457589,0.466518,0.368643,48524000,0.493304
1/30/1984,0.475446,0.430804,0.441964,0.34924,69367200,0.466518
1/31/1984,0.450893,0.412946,0.441964,0.34924,86273600,0.441964
2/1/1984,0.455357,0.4375,0.439732,0.347477,40779200,0.441964
2/2/1984,0.446429,0.430804,0.444196,0.351004,33728800,0.439732
2/3/1984,0.455357,0.4375,0.4375,0.345713,36372000,0.444196
2/6/1984,0.4375,0.412946,0.415179,0.328074,41389600,0.4375
2/7/1984,0.433036,0.399554,0.430804,0.340421,54432000,0.415179
2/8/1984,0.4375,0.415179,0.415179,0.328074,37055200,0.430804
2/9/1984,0.430804,0.404018,0.421875,0.333366,58699200,0.415179
2/10/1984,0.446429,0.421875,0.435268,0.343949,35991200,0.421875
2/13/1984,0.439732,0.426339,0.433036,0.342185,26432000,0.435268
2/14/1984,0.459821,0.433036,0.457589,0.361587,52264800,0.433036
2/15/1984,0.477679,0.444196,0.448661,0.354532,50209600,0.457589
2/16/1984,0.455357,0.4375,0.453125,0.35806,26308800,0.448661
2/17/1984,0.464286,0.446429,0.446429,0.352768,33661600,0.453125
2/21/1984,0.46875,0.444196,0.466518,0.368643,30072000,0.446429
2/22/1984,0.493304,0.46875,0.488839,0.386281,55843200,0.46875
2/23/1984,0.488839,0.464286,0.479911,0.379226,38763200,0.488839
2/24/1984,0.491071,0.479911,0.484375,0.382753,19454400,0.479911
2/27/1984,0.491071,0.470982,0.482143,0.38099,30391200,0.484375
2/28/1984,0.484375,0.448661,0.455357,0.359824,42481600,0.482143
2/29/1984,0.479911,0.450893,0.46875,0.370406,33510400,0.455357
3/1/1984,0.484375,0.457589,0.482143,0.38099,33090400,0.46875
3/2/1984,0.5,0.479911,0.486607,0.384517,47812800,0.482143
3/5/1984,0.488839,0.470982,0.477679,0.377462,18401600,0.486607
3/6/1984,0.486607,0.457589,0.459821,0.363351,24746400,0.477679
3/7/1984,0.475446,0.448661,0.473214,0.373934,24141600,0.459821
3/8/1984,0.484375,0.473214,0.479911,0.379226,32446400,0.473214
3/9/1984,0.479911,0.46875,0.470982,0.37217,16514400,0.479911
3/12/1984,0.491071,0.473214,0.488839,0.386281,31259200,0.473214
3/13/1984,0.495536,0.477679,0.482143,0.38099,38220000,0.488839
3/14/1984,0.484375,0.473214,0.475446,0.375698,14901600,0.482143
3/15/1984,0.482143,0.470982,0.477679,0.377462,13820800,0.475446
3/16/1984,0.495536,0.470982,0.475446,0.375698,31175200,0.477679
3/19/1984,0.473214,0.462054,0.46875,0.370406,20647200,0.473214
3/20/1984,0.477679,0.448661,0.464286,0.366879,25132800,0.46875
3/21/1984,0.475446,0.462054,0.464286,0.366879,11916800,0.464286
3/22/1984,0.464286,0.448661,0.455357,0.359824,12796000,0.464286
3/23/1984,0.459821,0.446429,0.455357,0.359824,15282400,0.455357
3/26/1984,0.466518,0.450893,0.459821,0.363351,14240800,0.455357
3/27/1984,0.462054,0.444196,0.446429,0.352768,24824800,0.459821
3/28/1984,0.457589,0.448661,0.455357,0.359824,18872000,0.448661
3/29/1984,0.459821,0.450893,0.453125,0.35806,9794400,0.455357
3/30/1984,0.455357,0.4375,0.441964,0.34924,11435200,0.453125
4/2/1984,0.450893,0.4375,0.444196,0.351004,13664000,0.441964
4/3/1984,0.448661,0.439732,0.446429,0.352768,11026400,0.444196
4/4/1984,0.448661,0.4375,0.4375,0.345713,26919200,0.446429
4/5/1984,0.444196,0.430804,0.430804,0.340421,20703200,0.4375
4/6/1984,0.435268,0.410714,0.419643,0.331602,21397600,0.430804
4/9/1984,0.433036,0.419643,0.419643,0.331602,13563200,0.419643
4/10/1984,0.441964,0.428571,0.441964,0.34924,14274400,0.428571
4/11/1984,0.453125,0.433036,0.4375,0.345713,17651200,0.441964
4/12/1984,0.464286,0.430804,0.459821,0.363351,19600000,0.4375
4/13/1984,0.470982,0.455357,0.459821,0.363351,25849600,0.459821
4/16/1984,0.470982,0.448661,0.46875,0.370406,17029600,0.459821
4/17/1984,0.497768,0.477679,0.491071,0.388045,83238400,0.477679
4/18/1984,0.502232,0.488839,0.5,0.3951,49918400,0.491071
4/19/1984,0.506696,0.495536,0.504464,0.398628,30850400,0.5
4/23/1984,0.520089,0.5,0.506696,0.400392,73466400,0.504464
4/24/1984,0.515625,0.495536,0.497768,0.393336,70392000,0.506696
4/25/1984,0.502232,0.488839,0.493304,0.389809,48720000,0.497768
4/26/1984,0.533482,0.495536,0.53125,0.419794,79626400,0.495536
4/27/1984,0.549107,0.522321,0.537946,0.425086,92999200,0.53125
4/30/1984,0.560268,0.533482,0.560268,0.442724,73287200,0.537946
5/1/1984,0.59375,0.566964,0.59375,0.469182,101628800,0.566964
5/2/1984,0.598214,0.578125,0.589286,0.465654,79329600,0.59375
5/3/1984,0.589286,0.553571,0.564732,0.446252,81855200,0.589286
5/4/1984,0.564732,0.535714,0.537946,0.425086,65111200,0.564732
5/7/1984,0.560268,0.533482,0.555804,0.439196,40017600,0.537946
5/8/1984,0.591518,0.558036,0.587054,0.46389,63750400,0.558036
5/9/1984,0.613839,0.580357,0.591518,0.467418,101253600,0.587054
5/10/1984,0.600446,0.575893,0.591518,0.467418,59656800,0.591518
5/11/1984,0.59375,0.553571,0.575893,0.455071,49431200,0.591518
5/14/1984,0.573661,0.558036,0.564732,0.446252,22321600,0.573661
5/15/1984,0.573661,0.5625,0.569196,0.449779,25676000,0.564732
5/16/1984,0.573661,0.542411,0.544643,0.430377,54930400,0.569196
5/17/1984,0.544643,0.513393,0.520089,0.410975,70487200,0.544643
5/18/1984,0.533482,0.513393,0.53125,0.419794,48367200,0.520089
5/21/1984,0.575893,0.529018,0.569196,0.449779,108763200,0.53125
5/22/1984,0.569196,0.535714,0.551339,0.435669,75314400,0.569196
5/23/1984,0.555804,0.540179,0.540179,0.426849,42240800,0.551339
5/24/1984,0.540179,0.515625,0.524554,0.414503,48328000,0.540179
5/25/1984,0.533482,0.520089,0.526786,0.416266,30027200,0.524554
5/29/1984,0.53125,0.515625,0.524554,0.414503,39065600,0.526786
5/30/1984,0.526786,0.5,0.517857,0.409211,79609600,0.524554
5/31/1984,0.53125,0.513393,0.524554,0.414503,41753600,0.517857
6/1/1984,0.542411,0.522321,0.542411,0.428613,60575200,0.524554
6/4/1984,0.549107,0.524554,0.529018,0.41803,37072000,0.542411
6/5/1984,0.520089,0.495536,0.497768,0.393336,82107200,0.520089
6/6/1984,0.520089,0.495536,0.517857,0.409211,40364800,0.497768
6/7/1984,0.520089,0.502232,0.513393,0.405683,25636800,0.517857
6/8/1984,0.515625,0.5,0.511161,0.40392,27244000,0.513393
6/11/1984,0.515625,0.504464,0.511161,0.40392,21061600,0.511161
6/12/1984,0.526786,0.508929,0.520089,0.410975,29282400,0.511161
6/13/1984,0.533482,0.522321,0.53125,0.419794,28929600,0.522321
6/14/1984,0.53125,0.513393,0.515625,0.407447,25239200,0.53125
6/15/1984,0.524554,0.515625,0.517857,0.409211,22444800,0.515625
6/18/1984,0.53125,0.506696,0.529018,0.41803,28649600,0.517857
6/19/1984,0.542411,0.524554,0.524554,0.414503,40236000,0.529018
6/20/1984,0.540179,0.513393,0.540179,0.426849,29881600,0.524554
6/21/1984,0.546875,0.517857,0.517857,0.409211,35476000,0.540179
6/22/1984,0.526786,0.511161,0.511161,0.40392,21151200,0.517857
6/25/1984,0.515625,0.482143,0.486607,0.384517,41871200,0.511161
6/26/1984,0.488839,0.464286,0.464286,0.366879,37161600,0.486607
6/27/1984,0.46875,0.433036,0.450893,0.356296,94320800,0.464286
6/28/1984,0.477679,0.450893,0.470982,0.37217,29579200,0.450893
6/29/1984,0.495536,0.470982,0.473214,0.373934,35498400,0.470982
7/2/1984,0.475446,0.448661,0.457589,0.361587,39916800,0.473214
7/3/1984,0.459821,0.444196,0.450893,0.356296,44766400,0.457589
7/5/1984,0.455357,0.435268,0.441964,0.34924,23296000,0.450893
7/6/1984,0.455357,0.433036,0.448661,0.354532,23912000,0.441964
7/9/1984,0.470982,0.441964,0.46875,0.370406,47667200,0.448661
7/10/1984,0.484375,0.466518,0.479911,0.379226,43075200,0.46875
7/11/1984,0.486607,0.466518,0.473214,0.373934,30273600,0.479911
7/12/1984,0.484375,0.470982,0.475446,0.375698,42173600,0.473214
7/13/1984,0.484375,0.464286,0.470982,0.37217,33986400,0.475446
7/16/1984,0.470982,0.446429,0.459821,0.363351,50747200,0.470982
7/17/1984,0.464286,0.453125,0.459821,0.363351,21212800,0.459821
7/18/1984,0.462054,0.450893,0.453125,0.35806,26006400,0.459821
7/19/1984,0.459821,0.448661,0.453125,0.35806,19476800,0.453125
7/20/1984,0.459821,0.450893,0.453125,0.35806,8293600,0.453125
7/23/1984,0.453125,0.4375,0.448661,0.354532,23508800,0.453125
7/24/1984,0.482143,0.446429,0.475446,0.375698,44811200,0.448661
7/25/1984,0.488839,0.477679,0.477679,0.377462,50114400,0.477679
7/26/1984,0.493304,0.473214,0.486607,0.384517,35834400,0.477679
7/27/1984,0.491071,0.482143,0.484375,0.382753,18485600,0.486607
7/30/1984,0.486607,0.450893,0.455357,0.359824,31259200,0.484375
7/31/1984,0.462054,0.444196,0.455357,0.359824,49907200,0.455357
8/1/1984,0.459821,0.433036,0.446429,0.352768,71433600,0.455357
8/2/1984,0.453125,0.430804,0.430804,0.340421,75919200,0.446429
8/3/1984,0.491071,0.428571,0.488839,0.386281,154515200,0.430804
8/6/1984,0.544643,0.486607,0.522321,0.412739,156699200,0.488839
8/7/1984,0.535714,0.497768,0.529018,0.41803,83120800,0.522321
8/8/1984,0.540179,0.504464,0.508929,0.402156,73600800,0.529018
8/9/1984,0.535714,0.497768,0.53125,0.419794,64405600,0.508929
8/10/1984,0.551339,0.506696,0.508929,0.402156,99344000,0.53125
8/13/1984,0.540179,0.502232,0.535714,0.423322,60362400,0.508929
8/14/1984,0.540179,0.508929,0.515625,0.407447,43517600,0.535714
8/15/1984,0.513393,0.493304,0.497768,0.393336,44721600,0.513393
8/16/1984,0.506696,0.491071,0.502232,0.396864,36204000,0.497768
8/17/1984,0.504464,0.484375,0.491071,0.388045,38483200,0.502232
8/20/1984,0.493304,0.475446,0.488839,0.386281,34613600,0.491071
8/21/1984,0.513393,0.488839,0.508929,0.402156,44884000,0.488839
8/22/1984,0.522321,0.495536,0.5,0.3951,55104000,0.508929
8/23/1984,0.511161,0.5,0.502232,0.396864,20854400,0.5
8/24/1984,0.508929,0.497768,0.502232,0.396864,17724000,0.502232
8/27/1984,0.502232,0.488839,0.497768,0.393336,21918400,0.502232
8/28/1984,0.504464,0.493304,0.504464,0.398628,14789600,0.497768
8/29/1984,0.506696,0.486607,0.491071,0.388045,18530400,0.504464
8/30/1984,0.497768,0.482143,0.482143,0.38099,12740000,0.491071
8/31/1984,0.484375,0.466518,0.473214,0.373934,34462400,0.482143
9/4/1984,0.477679,0.464286,0.46875,0.370406,29960000,0.473214
9/5/1984,0.475446,0.464286,0.46875,0.370406,25939200,0.46875
9/6/1984,0.479911,0.46875,0.473214,0.373934,32743200,0.46875
9/7/1984,0.479911,0.46875,0.473214,0.373934,20815200,0.473214
9/10/1984,0.475446,0.462054,0.470982,0.37217,16156000,0.473214
9/11/1984,0.488839,0.475446,0.479911,0.379226,38096800,0.475446
9/12/1984,0.482143,0.466518,0.466518,0.368643,33280800,0.479911
9/13/1984,0.493304,0.491071,0.491071,0.388045,51833600,0.491071
9/14/1984,0.508929,0.493304,0.497768,0.393336,61717600,0.493304
9/17/1984,0.517857,0.511161,0.511161,0.40392,48188000,0.511161
9/18/1984,0.515625,0.493304,0.493304,0.389809,24326400,0.511161
9/19/1984,0.497768,0.482143,0.482143,0.38099,26572000,0.493304
9/20/1984,0.488839,0.484375,0.484375,0.382753,16542400,0.484375
9/21/1984,0.497768,0.473214,0.479911,0.379226,24959200,0.484375
9/24/1984,0.482143,0.475446,0.475446,0.375698,19751200,0.479911
9/25/1984,0.473214,0.466518,0.466518,0.368643,41697600,0.473214
9/26/1984,0.486607,0.459821,0.459821,0.363351,27742400,0.466518
9/27/1984,0.462054,0.459821,0.459821,0.363351,26482400,0.459821
9/28/1984,0.459821,0.439732,0.448661,0.354532,58352000,0.459821
10/1/1984,0.446429,0.4375,0.4375,0.345713,24444000,0.446429
10/2/1984,0.457589,0.441964,0.441964,0.34924,29562400,0.441964
10/3/1984,0.455357,0.448661,0.448661,0.354532,30105600,0.448661
10/4/1984,0.457589,0.453125,0.453125,0.35806,31371200,0.453125
10/5/1984,0.453125,0.441964,0.444196,0.351004,24393600,0.453125
10/8/1984,0.446429,0.444196,0.444196,0.351004,11743200,0.444196
10/9/1984,0.446429,0.439732,0.439732,0.347477,31315200,0.444196
10/10/1984,0.439732,0.426339,0.426339,0.336894,91212800,0.439732
10/11/1984,0.4375,0.424107,0.424107,0.33513,45690400,0.426339
10/12/1984,0.426339,0.401786,0.40625,0.321019,66449600,0.424107
10/15/1984,0.433036,0.428571,0.428571,0.338657,60816000,0.428571
10/16/1984,0.430804,0.426339,0.426339,0.336894,29506400,0.428571
10/17/1984,0.446429,0.444196,0.444196,0.351004,39160800,0.444196
10/18/1984,0.459821,0.457589,0.457589,0.361587,61790400,0.457589
10/19/1984,0.488839,0.455357,0.457589,0.361587,81530400,0.457589
10/22/1984,0.464286,0.453125,0.453125,0.35806,28688800,0.457589
10/23/1984,0.46875,0.464286,0.464286,0.366879,46608800,0.464286
10/24/1984,0.473214,0.46875,0.46875,0.370406,41753600,0.46875
10/25/1984,0.46875,0.450893,0.450893,0.356296,39541600,0.46875
10/26/1984,0.450893,0.4375,0.439732,0.347477,28711200,0.450893
10/29/1984,0.444196,0.441964,0.441964,0.34924,12661600,0.441964
10/30/1984,0.450893,0.446429,0.446429,0.352768,18648000,0.446429
10/31/1984,0.450893,0.444196,0.444196,0.351004,15058400,0.446429
11/1/1984,0.450893,0.446429,0.446429,0.352768,11760000,0.446429
11/2/1984,0.448661,0.441964,0.444196,0.351004,6921600,0.446429
11/5/1984,0.453125,0.441964,0.441964,0.34924,26342400,0.444196
11/6/1984,0.470982,0.46875,0.46875,0.370406,56330400,0.46875
11/7/1984,0.470982,0.459821,0.459821,0.363351,57887200,0.46875
11/8/1984,0.459821,0.441964,0.441964,0.34924,22030400,0.459821
11/9/1984,0.444196,0.410714,0.415179,0.328074,73533600,0.441964
11/12/1984,0.433036,0.430804,0.430804,0.340421,28313600,0.430804
11/13/1984,0.439732,0.419643,0.419643,0.331602,31668000,0.430804
11/14/1984,0.428571,0.424107,0.424107,0.33513,26084800,0.424107
11/15/1984,0.428571,0.424107,0.424107,0.33513,26650400,0.424107
11/16/1984,0.430804,0.412946,0.415179,0.328074,41440000,0.424107
11/19/1984,0.417411,0.390625,0.390625,0.308672,58245600,0.415179
11/20/1984,0.40625,0.404018,0.404018,0.319255,65811200,0.404018
11/21/1984,0.415179,0.412946,0.412946,0.326311,44682400,0.412946
11/23/1984,0.430804,0.417411,0.424107,0.33513,34272000,0.417411
11/26/1984,0.428571,0.428571,0.428571,0.338657,25160800,0.428571
11/27/1984,0.444196,0.439732,0.439732,0.347477,31852800,0.439732
11/28/1984,0.473214,0.462054,0.462054,0.365115,102631200,0.462054
11/29/1984,0.462054,0.453125,0.453125,0.35806,43719200,0.462054
11/30/1984,0.457589,0.439732,0.441964,0.34924,27176800,0.453125
12/3/1984,0.444196,0.435268,0.435268,0.343949,24500000,0.441964
12/4/1984,0.453125,0.444196,0.444196,0.351004,30094400,0.444196
12/5/1984,0.466518,0.466518,0.466518,0.368643,65727200,0.466518
12/6/1984,0.491071,0.488839,0.488839,0.386281,79318400,0.488839
12/7/1984,0.506696,0.484375,0.486607,0.384517,123631200,0.488839
12/10/1984,0.486607,0.477679,0.477679,0.377462,27871200,0.486607
12/11/1984,0.484375,0.470982,0.470982,0.37217,30945600,0.477679
12/12/1984,0.470982,0.455357,0.455357,0.359824,27518400,0.470982
12/13/1984,0.46875,0.459821,0.459821,0.363351,16710400,0.459821
12/14/1984,0.475446,0.459821,0.470982,0.37217,24035200,0.459821
12/17/1984,0.486607,0.482143,0.482143,0.38099,31309600,0.482143
12/18/1984,0.513393,0.511161,0.511161,0.40392,85142400,0.511161
12/19/1984,0.513393,0.491071,0.491071,0.388045,79374400,0.511161
12/20/1984,0.5,0.488839,0.488839,0.386281,34960800,0.491071
12/21/1984,0.491071,0.477679,0.482143,0.38099,30973600,0.488839
12/24/1984,0.493304,0.491071,0.491071,0.388045,16884000,0.491071
12/26/1984,0.497768,0.493304,0.493304,0.389809,16794400,0.493304
12/27/1984,0.497768,0.495536,0.495536,0.391573,24690400,0.495536
12/28/1984,0.515625,0.493304,0.513393,0.405683,41333600,0.495536
12/31/1984,0.522321,0.520089,0.520089,0.410975,51940000,0.520089
1/2/1985,0.520089,0.497768,0.497768,0.393336,43825600,0.520089
1/3/1985,0.520089,0.506696,0.506696,0.400392,41652800,0.506696
1/4/1985,0.508929,0.5,0.506696,0.400392,34316800,0.506696
1/7/1985,0.508929,0.504464,0.504464,0.398628,42728000,0.506696
1/8/1985,0.508929,0.5,0.5,0.3951,35280000,0.504464
1/9/1985,0.520089,0.513393,0.513393,0.405683,41680800,0.513393
1/10/1985,0.537946,0.535714,0.535714,0.423322,69266400,0.535714
1/11/1985,0.540179,0.526786,0.53125,0.419794,51262400,0.535714
1/14/1985,0.551339,0.546875,0.546875,0.432141,67608800,0.546875
1/15/1985,0.555804,0.535714,0.535714,0.423322,66242400,0.546875
1/16/1985,0.549107,0.540179,0.540179,0.426849,47471200,0.540179
1/17/1985,0.549107,0.502232,0.502232,0.396864,136880800,0.540179
1/18/1985,0.522321,0.5,0.511161,0.40392,88166400,0.502232
1/21/1985,0.526786,0.522321,0.522321,0.412739,81356800,0.522321
1/22/1985,0.540179,0.537946,0.537946,0.425086,106209600,0.537946
1/23/1985,0.540179,0.529018,0.529018,0.41803,107626400,0.537946
1/24/1985,0.529018,0.517857,0.517857,0.409211,99265600,0.529018
1/25/1985,0.529018,0.506696,0.529018,0.41803,79615200,0.517857
1/28/1985,0.546875,0.540179,0.540179,0.426849,103045600,0.540179
1/29/1985,0.544643,0.533482,0.533482,0.421558,55932800,0.540179
1/30/1985,0.544643,0.533482,0.533482,0.421558,123110400,0.533482
1/31/1985,0.535714,0.517857,0.517857,0.409211,69059200,0.533482
2/1/1985,0.520089,0.506696,0.511161,0.40392,34434400,0.517857
2/4/1985,0.524554,0.522321,0.522321,0.412739,54504800,0.522321
2/5/1985,0.535714,0.526786,0.526786,0.416266,47510400,0.526786
2/6/1985,0.535714,0.535714,0.535714,0.423322,48608000,0.535714
2/7/1985,0.542411,0.533482,0.533482,0.421558,61370400,0.535714
2/8/1985,0.535714,0.526786,0.533482,0.421558,33006400,0.533482
2/11/1985,0.549107,0.544643,0.544643,0.430377,86738400,0.544643
2/12/1985,0.546875,0.53125,0.53125,0.419794,56627200,0.544643
2/13/1985,0.53125,0.506696,0.506696,0.400392,131756800,0.53125
2/14/1985,0.511161,0.493304,0.493304,0.389809,106708000,0.506696
2/15/1985,0.502232,0.488839,0.5,0.3951,43405600,0.493304
2/19/1985,0.497768,0.493304,0.493304,0.389809,37458400,0.497768
2/20/1985,0.495536,0.470982,0.470982,0.37217,54992000,0.493304
2/21/1985,0.482143,0.479911,0.479911,0.379226,77056000,0.479911
2/22/1985,0.497768,0.479911,0.493304,0.389809,56632800,0.479911
2/25/1985,0.495536,0.486607,0.486607,0.384517,24634400,0.493304
2/26/1985,0.488839,0.477679,0.477679,0.377462,47241600,0.486607
2/27/1985,0.477679,0.448661,0.448661,0.354532,100895200,0.477679
2/28/1985,0.448661,0.441964,0.441964,0.34924,79766400,0.448661
3/1/1985,0.444196,0.428571,0.444196,0.351004,61857600,0.441964
3/4/1985,0.464286,0.450893,0.450893,0.356296,38276000,0.450893
3/5/1985,0.462054,0.462054,0.462054,0.365115,32692800,0.462054
3/6/1985,0.462054,0.439732,0.439732,0.347477,48400800,0.462054
3/7/1985,0.441964,0.395089,0.395089,0.3122,183495200,0.439732
3/8/1985,0.395089,0.370536,0.383929,0.303381,118389600,0.395089
3/11/1985,0.399554,0.397321,0.397321,0.313964,71500800,0.397321
3/12/1985,0.415179,0.410714,0.410714,0.324547,54857600,0.410714
3/13/1985,0.410714,0.388393,0.388393,0.306908,62781600,0.410714
3/14/1985,0.390625,0.388393,0.388393,0.306908,60401600,0.388393
3/15/1985,0.412946,0.386161,0.404018,0.319255,45354400,0.388393
3/18/1985,0.412946,0.408482,0.408482,0.322783,31192000,0.408482
3/19/1985,0.412946,0.392857,0.392857,0.310436,42862400,0.408482
3/20/1985,0.404018,0.397321,0.397321,0.313964,101242400,0.397321
3/21/1985,0.410714,0.404018,0.404018,0.319255,40616800,0.404018
3/22/1985,0.410714,0.397321,0.397321,0.313964,20092800,0.404018
3/25/1985,0.397321,0.386161,0.386161,0.305144,27490400,0.397321
3/26/1985,0.401786,0.401786,0.401786,0.317491,30357600,0.401786
3/27/1985,0.40625,0.390625,0.390625,0.308672,27837600,0.401786
3/28/1985,0.397321,0.390625,0.390625,0.308672,32401600,0.390625
3/29/1985,0.397321,0.390625,0.395089,0.3122,21795200,0.390625
4/1/1985,0.404018,0.386161,0.386161,0.305144,28515200,0.395089
4/2/1985,0.388393,0.375,0.375,0.296325,56856800,0.386161
4/3/1985,0.377232,0.375,0.375,0.296325,60664800,0.375
4/4/1985,0.377232,0.368304,0.372768,0.294561,40465600,0.375
4/8/1985,0.375,0.350446,0.350446,0.276923,49683200,0.372768
4/9/1985,0.352679,0.350446,0.350446,0.276923,65973600,0.350446
4/10/1985,0.379464,0.375,0.375,0.296325,56728000,0.375
4/11/1985,0.392857,0.381696,0.381696,0.301617,36668800,0.381696
4/12/1985,0.381696,0.370536,0.372768,0.294561,18132800,0.381696
4/15/1985,0.386161,0.381696,0.381696,0.301617,14957600,0.381696
4/16/1985,0.388393,0.386161,0.386161,0.305144,16912000,0.386161
4/17/1985,0.408482,0.404018,0.404018,0.319255,30811200,0.404018
4/18/1985,0.410714,0.408482,0.408482,0.322783,50607200,0.408482
4/19/1985,0.408482,0.399554,0.401786,0.317491,24007200,0.408482
4/22/1985,0.401786,0.386161,0.386161,0.305144,25648000,0.401786
4/23/1985,0.397321,0.395089,0.395089,0.3122,29573600,0.395089
4/24/1985,0.401786,0.392857,0.392857,0.310436,19734400,0.395089
4/25/1985,0.395089,0.392857,0.392857,0.310436,21907200,0.392857
4/26/1985,0.404018,0.390625,0.390625,0.308672,29926400,0.392857
4/29/1985,0.392857,0.377232,0.377232,0.298089,15551200,0.390625
4/30/1985,0.381696,0.379464,0.379464,0.299853,23682400,0.379464
5/1/1985,0.381696,0.372768,0.372768,0.294561,14336000,0.379464
5/2/1985,0.368304,0.34375,0.34375,0.271632,82443200,0.368304
5/3/1985,0.359375,0.34375,0.357143,0.282215,39530400,0.34375
5/6/1985,0.361607,0.352679,0.352679,0.278687,14033600,0.357143
5/7/1985,0.357143,0.357143,0.357143,0.282215,26902400,0.357143
5/8/1985,0.354911,0.354911,0.354911,0.280451,36097600,0.354911
5/9/1985,0.359375,0.357143,0.357143,0.282215,31768800,0.357143
5/10/1985,0.366071,0.357143,0.361607,0.285742,34020000,0.357143
5/13/1985,0.363839,0.357143,0.357143,0.282215,21806400,0.361607
5/14/1985,0.359375,0.352679,0.352679,0.278687,30436000,0.357143
5/15/1985,0.363839,0.357143,0.357143,0.282215,32608800,0.357143
5/16/1985,0.392857,0.381696,0.381696,0.301617,57635200,0.381696
5/17/1985,0.395089,0.379464,0.388393,0.306908,52964800,0.381696
5/20/1985,0.397321,0.381696,0.381696,0.301617,49296800,0.388393
5/21/1985,0.379464,0.370536,0.370536,0.292798,38136000,0.379464
5/22/1985,0.372768,0.368304,0.368304,0.291034,30139200,0.370536
5/23/1985,0.366071,0.352679,0.352679,0.278687,59791200,0.366071
5/24/1985,0.352679,0.323661,0.323661,0.255757,147369600,0.352679
5/28/1985,0.319196,0.301339,0.301339,0.238119,127741600,0.319196
5/29/1985,0.308036,0.305804,0.305804,0.241646,61639200,0.305804
5/30/1985,0.319196,0.314732,0.314732,0.248702,78730400,0.314732
5/31/1985,0.321429,0.310268,0.310268,0.245174,92355200,0.314732
6/3/1985,0.303571,0.285714,0.285714,0.225772,144004000,0.303571
6/4/1985,0.310268,0.308036,0.308036,0.24341,100480800,0.308036
6/5/1985,0.316964,0.301339,0.301339,0.238119,71601600,0.308036
6/6/1985,0.303571,0.303571,0.303571,0.239882,67799200,0.303571
6/7/1985,0.303571,0.292411,0.292411,0.231063,118809600,0.303571
6/10/1985,0.294643,0.287946,0.287946,0.227535,79032800,0.292411
6/11/1985,0.294643,0.287946,0.287946,0.227535,75180000,0.287946
6/12/1985,0.290179,0.28125,0.28125,0.222244,61997600,0.287946
6/13/1985,0.283482,0.265625,0.265625,0.209897,94880800,0.28125
6/14/1985,0.28125,0.263393,0.263393,0.208133,141416800,0.265625
6/17/1985,0.267857,0.265625,0.265625,0.209897,59085600,0.265625
6/18/1985,0.276786,0.272321,0.272321,0.215189,66304000,0.272321
6/19/1985,0.283482,0.279018,0.279018,0.22048,42996800,0.279018
6/20/1985,0.28125,0.28125,0.28125,0.222244,47700800,0.28125
6/21/1985,0.294643,0.287946,0.287946,0.227535,41535200,0.287946
6/24/1985,0.3125,0.308036,0.308036,0.24341,51441600,0.308036
6/25/1985,0.319196,0.3125,0.3125,0.246938,73477600,0.3125
6/26/1985,0.323661,0.323661,0.323661,0.255757,33051200,0.323661
6/27/1985,0.330357,0.328125,0.328125,0.259285,48115200,0.328125
6/28/1985,0.330357,0.321429,0.321429,0.253993,33936000,0.328125
7/1/1985,0.325893,0.323661,0.323661,0.255757,25860800,0.323661
7/2/1985,0.325893,0.308036,0.308036,0.24341,19432000,0.323661
7/3/1985,0.3125,0.3125,0.3125,0.246938,17124800,0.3125
7/5/1985,0.316964,0.314732,0.314732,0.248702,9144800,0.314732
7/8/1985,0.316964,0.314732,0.314732,0.248702,23055200,0.314732
7/9/1985,0.316964,0.314732,0.314732,0.248702,36976800,0.314732
7/10/1985,0.321429,0.321429,0.321429,0.253993,26510400,0.321429
7/11/1985,0.323661,0.321429,0.321429,0.253993,16223200,0.321429
7/12/1985,0.321429,0.319196,0.319196,0.252229,11760000,0.321429
7/15/1985,0.325893,0.316964,0.316964,0.250465,19420800,0.319196
7/16/1985,0.319196,0.3125,0.3125,0.246938,35840000,0.316964
7/17/1985,0.319196,0.314732,0.314732,0.248702,29545600,0.314732
7/18/1985,0.314732,0.308036,0.308036,0.24341,44766400,0.314732
7/19/1985,0.310268,0.310268,0.310268,0.245174,28728000,0.310268
7/22/1985,0.310268,0.301339,0.301339,0.238119,48076000,0.310268
7/23/1985,0.305804,0.294643,0.294643,0.232827,42173600,0.301339
7/24/1985,0.299107,0.290179,0.290179,0.229299,42179200,0.294643
7/25/1985,0.299107,0.296875,0.296875,0.234591,78769600,0.296875
7/26/1985,0.299107,0.296875,0.296875,0.234591,32631200,0.296875
7/29/1985,0.296875,0.285714,0.285714,0.225772,19437600,0.296875
7/30/1985,0.292411,0.290179,0.290179,0.229299,22366400,0.290179
7/31/1985,0.292411,0.283482,0.283482,0.224008,20126400,0.290179
8/1/1985,0.287946,0.283482,0.283482,0.224008,12891200,0.283482
8/2/1985,0.283482,0.28125,0.28125,0.222244,24354400,0.283482
8/5/1985,0.283482,0.274554,0.274554,0.216952,23083200,0.28125
8/6/1985,0.28125,0.272321,0.272321,0.215189,15769600,0.274554
8/7/1985,0.285714,0.265625,0.265625,0.209897,37934400,0.272321
8/8/1985,0.272321,0.270089,0.270089,0.213425,36943200,0.270089
8/9/1985,0.272321,0.272321,0.272321,0.215189,15237600,0.272321
8/12/1985,0.272321,0.267857,0.267857,0.211661,13748000,0.272321
8/13/1985,0.276786,0.272321,0.272321,0.215189,10595200,0.272321
8/14/1985,0.272321,0.261161,0.261161,0.206369,72475200,0.272321
8/15/1985,0.263393,0.258929,0.258929,0.204606,26297600,0.261161
8/16/1985,0.265625,0.261161,0.261161,0.206369,20938400,0.261161
8/19/1985,0.272321,0.267857,0.267857,0.211661,11967200,0.267857
8/20/1985,0.272321,0.272321,0.272321,0.215189,16738400,0.272321
8/21/1985,0.272321,0.272321,0.272321,0.215189,19252800,0.272321
8/22/1985,0.272321,0.265625,0.265625,0.209897,30828000,0.272321
8/23/1985,0.267857,0.263393,0.263393,0.208133,11004000,0.265625
8/26/1985,0.270089,0.270089,0.270089,0.213425,8915200,0.270089
8/27/1985,0.272321,0.272321,0.272321,0.215189,10729600,0.272321
8/28/1985,0.274554,0.272321,0.272321,0.215189,10236800,0.272321
8/29/1985,0.272321,0.265625,0.265625,0.209897,14028000,0.272321
8/30/1985,0.267857,0.267857,0.267857,0.211661,10718400,0.267857
9/3/1985,0.267857,0.263393,0.263393,0.208133,9363200,0.267857
9/4/1985,0.270089,0.265625,0.265625,0.209897,11888800,0.265625
9/5/1985,0.267857,0.265625,0.265625,0.209897,8204000,0.265625
9/6/1985,0.267857,0.267857,0.267857,0.211661,23200800,0.267857
9/9/1985,0.274554,0.272321,0.272321,0.215189,33079200,0.272321
9/10/1985,0.279018,0.274554,0.274554,0.216952,30441600,0.274554
9/11/1985,0.279018,0.276786,0.276786,0.218716,21772800,0.276786
9/12/1985,0.287946,0.287946,0.287946,0.227535,27792800,0.287946
9/13/1985,0.287946,0.28125,0.28125,0.222244,17634400,0.287946
9/16/1985,0.28125,0.272321,0.272321,0.215189,9245600,0.28125
9/17/1985,0.272321,0.272321,0.272321,0.215189,45936800,0.272321
9/18/1985,0.290179,0.290179,0.290179,0.229299,30021600,0.290179
9/19/1985,0.303571,0.303571,0.303571,0.239882,46580800,0.303571
9/20/1985,0.305804,0.299107,0.299107,0.236355,33807200,0.303571
9/23/1985,0.305804,0.301339,0.301339,0.238119,29646400,0.301339
9/24/1985,0.308036,0.294643,0.294643,0.232827,22024800,0.301339
9/25/1985,0.294643,0.283482,0.283482,0.224008,26124000,0.294643
9/26/1985,0.285714,0.283482,0.283482,0.224008,13372800,0.283482
9/30/1985,0.285714,0.28125,0.28125,0.222244,9161600,0.283482
10/1/1985,0.283482,0.28125,0.28125,0.222244,22086400,0.28125
10/2/1985,0.283482,0.279018,0.279018,0.22048,5376000,0.28125
10/3/1985,0.279018,0.276786,0.276786,0.218716,12230400,0.279018
10/4/1985,0.276786,0.267857,0.267857,0.211661,17382400,0.276786
10/7/1985,0.272321,0.267857,0.267857,0.211661,22982400,0.267857
10/8/1985,0.270089,0.270089,0.270089,0.213425,21744800,0.270089
10/9/1985,0.272321,0.267857,0.267857,0.211661,20703200,0.270089
10/10/1985,0.285714,0.283482,0.283482,0.224008,65436000,0.283482
10/11/1985,0.290179,0.285714,0.285714,0.225772,29573600,0.285714
10/14/1985,0.296875,0.296875,0.296875,0.234591,38796800,0.296875
10/15/1985,0.305804,0.303571,0.303571,0.239882,73472000,0.303571
10/16/1985,0.323661,0.321429,0.321429,0.253993,72111200,0.321429
10/17/1985,0.341518,0.325893,0.325893,0.257521,87046400,0.325893
10/18/1985,0.328125,0.316964,0.316964,0.250465,57607200,0.325893
10/21/1985,0.316964,0.308036,0.308036,0.24341,29719200,0.316964
10/22/1985,0.325893,0.321429,0.321429,0.253993,106136800,0.321429
10/23/1985,0.330357,0.321429,0.321429,0.253993,37094400,0.321429
10/24/1985,0.337054,0.328125,0.328125,0.259285,68157600,0.328125
10/25/1985,0.328125,0.321429,0.321429,0.253993,15820000,0.328125
10/28/1985,0.323661,0.321429,0.321429,0.253993,14868000,0.321429
10/29/1985,0.321429,0.319196,0.319196,0.252229,32720800,0.321429
10/30/1985,0.339286,0.339286,0.339286,0.268104,56644000,0.339286
10/31/1985,0.34375,0.332589,0.332589,0.262812,38768800,0.339286
11/1/1985,0.339286,0.332589,0.332589,0.262812,23139200,0.332589
11/4/1985,0.341518,0.334821,0.334821,0.264576,38931200,0.334821
11/5/1985,0.341518,0.332589,0.332589,0.262812,26885600,0.334821
11/6/1985,0.345982,0.34375,0.34375,0.271632,50114400,0.34375
11/7/1985,0.354911,0.350446,0.350446,0.276923,79284800,0.350446
11/8/1985,0.370536,0.366071,0.366071,0.28927,73528000,0.366071
11/11/1985,0.370536,0.357143,0.357143,0.282215,44693600,0.366071
11/12/1985,0.361607,0.354911,0.354911,0.280451,43411200,0.357143
11/13/1985,0.354911,0.345982,0.345982,0.273395,25390400,0.354911
11/14/1985,0.359375,0.357143,0.357143,0.282215,34876800,0.357143
11/15/1985,0.361607,0.354911,0.354911,0.280451,20395200,0.357143
11/18/1985,0.357143,0.354911,0.354911,0.280451,16139200,0.354911
11/19/1985,0.357143,0.34375,0.34375,0.271632,23581600,0.354911
11/20/1985,0.345982,0.339286,0.339286,0.268104,24768800,0.34375
11/21/1985,0.34375,0.339286,0.339286,0.268104,25737600,0.339286
11/22/1985,0.34375,0.337054,0.339286,0.268104,32188800,0.339286
11/25/1985,0.34375,0.339286,0.341518,0.269868,24298400,0.339286
11/26/1985,0.348214,0.339286,0.345982,0.273395,41115200,0.341518
11/27/1985,0.359375,0.34375,0.357143,0.282215,47930400,0.345982
11/29/1985,0.359375,0.354911,0.359375,0.283978,24757600,0.357143
12/2/1985,0.361607,0.357143,0.361607,0.285742,25048800,0.359375
12/3/1985,0.363839,0.357143,0.359375,0.283978,38768800,0.361607
12/4/1985,0.368304,0.359375,0.366071,0.28927,41277600,0.359375
12/5/1985,0.370536,0.357143,0.359375,0.283978,31287200,0.366071
12/6/1985,0.359375,0.350446,0.352679,0.278687,16363200,0.359375
12/9/1985,0.357143,0.34375,0.345982,0.273395,34966400,0.352679
12/10/1985,0.350446,0.34375,0.348214,0.275159,50226400,0.345982
12/11/1985,0.359375,0.348214,0.352679,0.278687,59404800,0.348214
12/12/1985,0.361607,0.354911,0.357143,0.282215,31315200,0.354911
12/13/1985,0.361607,0.352679,0.357143,0.282215,62787200,0.357143
12/16/1985,0.379464,0.357143,0.372768,0.294561,72228800,0.357143
12/17/1985,0.375,0.363839,0.368304,0.291034,27266400,0.372768
12/18/1985,0.408482,0.381696,0.397321,0.313964,139949600,0.381696
12/19/1985,0.40625,0.395089,0.401786,0.317491,67530400,0.397321
12/20/1985,0.40625,0.397321,0.399554,0.315727,51508800,0.401786
12/23/1985,0.401786,0.386161,0.390625,0.308672,35806400,0.399554
12/24/1985,0.392857,0.386161,0.388393,0.306908,16150400,0.390625
12/26/1985,0.392857,0.386161,0.388393,0.306908,11463200,0.388393
12/27/1985,0.404018,0.388393,0.399554,0.315727,30721600,0.388393
12/30/1985,0.404018,0.395089,0.397321,0.313964,26919200,0.399554
12/31/1985,0.399554,0.392857,0.392857,0.310436,21812000,0.397321